"journal","url","year","address","issn","author","number","volume","numpages","issue_date","series","ENTRYTYPE","doi","abstract","publisher","pages","booktitle","location","keywords","month","articleno","isbn","note","title","ID"
"","https://doi.org/10.1109/GREENS66463.2025.00015","2025","","","Ahuja, Naman; Feng, Yile; Li, Luming; Malik, Amisha; Sivayoganathan, Thuvaragan; Balani, Navveen; Rakhunathan, Srinivasan; Sarro, Federica","","","8","","GREENS '25","inproceedings","10.1109/GREENS66463.2025.00015","With increasing awareness of climate change, there is a growing emphasis on the environmental impact of digital solutions. While numerous tools are available to assess software environmental footprint post-development, few focus on sustainability during the software design phase. To address this gap, we propose EcoDocSense, a framework that supports engineers to evaluate the sustainability of a software design at design time. Using Large Language Models fine-tuned on a catalog of green software patterns, EcoDocSense analyzes software architecture documents to generate sustainability reports, assessing alignment with green software practices to minimize carbon emissions and recommending improvements. As one of the first frameworks targeting sustainability at the design stage, EcoDocSense represents a significant advancement, though opportunities remain for further enhancement. In future, we plan to extend EcoDocSense’s applicability to a variety of architectural types and documents as well as to provide the capability to estimate carbon emissions.","IEEE Press","68–75","Proceedings of the 2025 IEEE/ACM 9th International Workshop on Green and Sustainable Software","Ottawa, ON, Canada","","","","","","Automatically Assessing Software Architecture Compliance With Green Software Patterns","10.1109/GREENS66463.2025.00015"
"Appl. Comput. Syst.","https://doi.org/10.2478/acss-2021-0001","2021","Berlin, DEU","2255-8691","Qasim, Awais; Munawar, Adeel; Hassan, Jawad; Khalid, Adnan","1","26","11","May 2021","","article","10.2478/acss-2021-0001","Energy efficiency in mobile computing is really an important issue these days. Owing to the popularity and prevalence of Android operating system among the people, a great number of Android smartphone applications have been developed and proliferated by the software developers. While developing these applications, developers have to keep energy consumption factor in mind, as the efficiency of an application is largely affected by it. Thus, designers and programmers endeavour to choose the best designing approaches to develop energy-efficient applications. It is imperative to assist the programmers in choosing appropriate techniques and strategies to manage power consumption. In the present research, we have investigated the effect of Android application design on its energy utilisation. For this purpose, we have practically implemented design patterns on two Android applications and evaluated their energy consumption before and after implementing these patterns. We have modelled the high-level design of these two Android applications by using software design patterns in such a way as to abate their energy requirement. We have also checked how the quality, maintainability, and efficiency of code are affected by these design patterns. The outcomes of the research can facilitate programmers to utilise these details while developing energy efficient solutions.","Walter de Gruyter GmbH","1–11","","","Energy efficiency, green computing, green design, software design, software maintenance","May","","","","Evaluating the Impact of Design Pattern Usage on Energy Consumption of Applications for Mobile Platform","10.2478/acss-2021-0001"
"","https://doi.org/10.1007/978-3-031-70797-1_15","2024","Berlin, Heidelberg","","Ochoa, Juan Sebastian; P\'{e}rez, Jennifer; Garc\'{\i}a, Javier; Guam\'{a}n, Daniel; Ca\~{n}as, Norberto; Rodriguez-Horcajo, Vanessa","","","16","","","inproceedings","10.1007/978-3-031-70797-1_15","IoT has led energy consumption to be a critical issue for sustainability due to the huge amount of power connections of IoT devices and the huge amount of generated data that must be transmitted and stored. As a result, the data monitoring process and its processing activities must be performed by the nodes and servers of the Edge in a sustainable way. The IoT monitoring process of data consists of four main activities: listening, filtering, translating and routing. Once the data has been monitored, it can be stored and transmitted to the Edge/Cloud. In order to address sustainable monitoring processes in the Edge, it is necessary to evaluate how the configuration of the components that compose the Edge monitoring architecture may influence its energy consumption. In this paper, we present the experimental results of an exploratory study and its findings, in which the energy consumption of four different software architecture configurations of an indoor environmental monitoring IoT system is measured. From the execution of 24 experiments, the study reveals the importance of balancing the monitoring activities between the Edge nodes and servers, and evidences the energy consumption increment that data storage implies for the Edge.","Springer-Verlag","217–232","Software Architecture: 18th European Conference, ECSA 2024, Luxembourg City, Luxembourg, September 3–6, 2024, Proceedings","Luxembourg City, Luxembourg","Software Architecture, Edge, IoT, Data Monitoring, Sustainability, Energy Consumption","","","978-3-031-70796-4","","Energy Consumption of&nbsp;IoT Monitoring Software Architectures in&nbsp;the&nbsp;Edge","10.1007/978-3-031-70797-1_15"
"","https://doi.org/10.1007/978-3-032-02138-0_17","2025","Berlin, Heidelberg","","Capuano, Roberta; O’Dea, Eoan; Muccini, Henry","","","16","","","inproceedings","10.1007/978-3-032-02138-0_17","As energy demands rise and sustainability becomes critical, Information and Communication Technology’s energy footprint is increasingly monitored. In this context, software architecture may play a significant role in determining a system’s energy consumption.This study aims to evaluate and compare the energy consumption of monolithic and microservice-based software to understand their implications for sustainable software design. We applied a cohort study approach in a controlled experimental environment using two open-source Java applications—PetClinic and TicketMonster—each implemented in both monolithic and microservice versions. Three use cases, representing different workloads, were defined and executed 30 times each per version, resulting in 360 total runs. Server energy use was measured with Powerstat and analyzed using Welch’s t-test.Our findings show that microservices may consume less energy than their monolithic counterparts under medium and heavy loads. Specifically, PetClinic and TicketMonster showed energy reductions of 4.99% and 5.05%, respectively. Across all use cases and applications, microservices demonstrated an average energy saving of 5.02% compared to monoliths.These results suggest that microservice architectures may offer improved energy efficiency in high-demand scenarios due to better resource utilization and modular execution. While the study is limited to controlled conditions and two case studies, it provides a foundation for further research on architectural decisions and sustainable software engineering practices.","Springer-Verlag","260–275","Software Architecture: 19th European Conference, ECSA 2025, Limassol, Cyprus, September 15–19, 2025, Proceedings","Limassol, Cyprus","software architecture, energy efficiency, sustainable software","","","978-3-032-02137-3","","A Comparative Analysis of Monolith vs Microservices Energy Consumption","10.1007/978-3-032-02138-0_17"
"Int. J. Inf. Commun. Techol.","https://doi.org/10.1504/ijict.2023.132168","2023","Geneva 15, CHE","1466-6642","Wang, Min","1","23","16","2023","","article","10.1504/ijict.2023.132168","This paper presents a new energy consumption prediction system of intelligent building based on fuzzy Petri net. When designing the database, the method improves the coverage of the database based on fuzzy petri net, and completes the design of the intelligent building energy consumption prediction system through system software design, overall architecture design, system data flow design and database design. In the database, SPSS software is used to analyse the relationship between the influencing factors and building energy consumption. According to the analysis results, the building energy consumption is predicted by artificial neural network, and the design of intelligent building energy consumption prediction system is realised. The experimental results show that the database coverage of the proposed method is more than 90%, the prediction accuracy is up to 95%, and the prediction time is always less than 0.5 s.","Inderscience Publishers","57–73","","","fuzzy petri net, building energy consumption, prediction system design, system database, SPSS software","January","","","","Energy consumption prediction system for intelligent building based on fuzzy petri net","10.1504/ijict.2023.132168"
"J. Softw. Evol. Process","https://doi.org/10.1002/smr.70014","2025","USA","2047-7473","Connolly&nbsp;Bree, D\'{e}agl\'{a}n; \'{O}&nbsp;Cinn\'{e}ide, Mel","4","37","25","April 2025","","article","10.1002/smr.70014","Interest in the energy consumption of software has grown with rising energy costs and greater environmental awareness. Many approaches to research in this area have been proposed, from the examination of hardware and compiler optimizations to platform specific software modifications. However, the impact of general software design on energy efficiency remains unclear. The goal of this research is to summarize the findings of studies that empirically examine the impact of design patterns, code smells, and refactorings (which we collectively describe as design elements) on energy consumption. Our secondary goal is to provide an overview of the impact of these aspects of software design on energy performance and discuss the current state of the art. We present a systematic literature review (SLR) of papers that examine the impact of the aforementioned design elements on energy consumption. We perform a search through four major databases, a manual search through publications of eight conferences and five journals from 2010 through 2023, in addition to snowballing. We extract relevant data from the literature and present an overview of each experiment's setup, the data reported, and results for each design element studied. Beginning with a set of 8684 papers, we select 24 that include studies of these design elements. Overall, they provide data on 22 design patterns, 17 code smells, and 31 refactorings. Many studies are preliminary in nature, and contradictory findings are frequent. We present three main findings: (i) a wide array of design patterns, code smells, and refactorings have been examined from an energy performance perspective; (ii) many of these studies are preliminary in nature and indicate the need for further research; (iii) there has been little growth recently in publications empirically examining these aspects of software design.This SLR provides insight into the state of the art of the field investigating how software transformation impacts energy performance. While a wide array of design patterns, refactorings, and code smells have been examined from this perspective, there remains much to explore in future work.  image image","John Wiley &amp; Sons, Inc.","","","","code smells, design patterns, energy performance, refactoring, software design, systematic literature review","March","","","","How Software Design Affects Energy Performance: A Systematic Literature Review","10.1002/smr.70014"
"","https://doi.org/10.1145/3644815.3644972","2024","New York, NY, USA","","del Rey, Santiago","","","3","","CAIN '24","inproceedings","10.1145/3644815.3644972","The widespread integration of Machine Learning (ML) in software systems has brought forth unprecedented advancements, yet the surge in energy consumption raises ecological concerns. This research addresses the environmental impact of ML development, focusing on the energy implications of design decisions in ML-based systems. This thesis aims to offer insights into the energy consumption patterns influenced by deployment architecture and training environment. Different case studies on ML-based systems will be conducted to validate and demonstrate the implications of these design choices. The expected outcomes encompass actionable insights, validated through rigorous evaluations, and the development of an energy prediction tool for ML-based system development, to help in the decision-making process. This work contributes to the broader field of Green AI by addressing a critical gap and guiding the transition towards a more sustainable AI landscape.","Association for Computing Machinery","256–258","Proceedings of the IEEE/ACM 3rd International Conference on AI Engineering - Software Engineering for AI","Lisbon, Portugal","green AI, energy efficiency, software engineering, sustainable computing","","","9798400705915","","Software Design Decisions for Greener Machine Learning-based Systems","10.1145/3644815.3644972"
"","https://doi.org/10.1145/1596486.1596493","2009","New York, NY, USA","","Seo, Chiyoung; Edwards, George; Popescu, Daniel; Malek, Sam; Medvidovic, Nenad","","","8","","SAVCBS '09","inproceedings","10.1145/1596486.1596493","The architectural style used in a software system is an important factor in satisfying its quality requirements. In battery-powered environments, such as mobile and pervasive systems, efficiency with respect to energy consumption is often an important quality requirement. In this paper, we present a framework that facilitates early estimation of the energy consumption induced by an architectural style in a distributed system, and enables an engineer to use energy consumption estimates along with other quality attributes in determining the most appropriate style for a given distributed application. We apply the framework to three architectural styles, and evaluate it for precision and accuracy using a middleware platform that supports the implementation of those styles. In a large number of application scenarios, our framework exhibited excellent precision, in that it was consistently able to correctly rank the styles and estimate the relative differences in their energy costs. Moreover, the framework has also proven to be accurate: its estimates were within 7% of each style implementation's actual energy cost.","Association for Computing Machinery","27–34","Proceedings of the 8th International Workshop on Specification and Verification of Component-Based Systems","Amsterdam, The Netherlands","architectural styles, component-based systems, energy consumption, quality metrics","","","9781605586809","","A framework for estimating the energy consumption induced by a distributed system's architectural style","10.1145/1596486.1596493"
"","https://doi.org/10.1145/3129790.3129818","2017","New York, NY, USA","","Munoz, Daniel-Jesus; Pinto, M\'{o}nica; Fuentes, Lidia","","","7","","ECSA '17","inproceedings","10.1145/3129790.3129818","Energy is a critical resource, and designing a sustainable software architecture is a non-trivial task. Developers require energy metrics that support sustainable software architectures reflecting quality attributes such as security, reliability, performance, etc., identifying what are the concerns that impact more in the energy consumption. A variability model of different designs and implementations of an energy model should exist for this task, as well as a service that stores and compares the experimentation results of energy and time consumption of each concern, finding out what is the most eco-efficient solution. The experimental measurements are performed by energy experts and researchers that share the energy model and metrics in a collaborative repository. HADAS confronts these tasks modelling and reasoning with the variability of energy consuming concerns for different energy contexts, connecting HADAS variability model with its energy efficiency collaborative repository, establishing a Software Product Line (SPL) service. Our main goal is to help developers to perform sustainability analyses finding out the eco-friendliest architecture configurations. A HADAS toolkit prototype is implemented based on a Clafer model and Choco solver, and it has been tested with several case studies.","Association for Computing Machinery","205–211","Proceedings of the 11th European Conference on Software Architecture: Companion Proceedings","Canterbury, United Kingdom","CVL, clafer, energy efficiency, metrics, optimisation, repository, software product line, variability","","","9781450352178","","Green software development and research with the HADAS toolkit","10.1145/3129790.3129818"
"","https://doi.org/10.1109/WICSA.2008.28","2008","USA","","Seo, Chiyoung; Edwards, George; Malek, Sam; Medvidovic, Nenad","","","4","","WICSA '08","inproceedings","10.1109/WICSA.2008.28","The selection of an architectural style for a given software system is an important factor in satisfying its quality requirements. In battery-powered environments, such as mobile and pervasive systems, efficiency with respect to energy consumption has increasingly been recognized as an important quality attribute. In this paper, we present a framework that (1) facilitates early estimation of the energy consumption induced by an architectural style in a distributed software system, and (2) consequently enables an engineer to use energy consumption estimates along with other quality attributes in determining the most appropriate style for a given distributed application. We have applied the framework on five distributed systems styles to date, and have evaluated it for precision and accuracy using a particular middleware platform that supports the implementation of those styles. In a large number of application scenarios, our framework exhibited excellent precision, in that it was consistently able to correctly rank the five styles and estimate the relative differences in their energy consumptions. Moreover, the framework has also proven to be accurate: its estimates were within 7% of the different style implementations' actually measured energy consumptions.","IEEE Computer Society","277–280","Proceedings of the Seventh Working IEEE/IFIP Conference on Software Architecture (WICSA 2008)","","Architectural styles, component-based distributed systems, energy estimation","","","9780769530925","","A Framework for Estimating the Impact of a Distributed Software System's Architectural Style on its Energy Consumption","10.1109/WICSA.2008.28"
"","","2015","","","Noureddine, Adel; Rajan, Ajitha","","","4","","ICSE '15","inproceedings","","Software design patterns are widely used in software engineering to enhance productivity and maintainability. However, recent empirical studies revealed the high energy overhead in these patterns. Our vision is to automatically detect and transform design patterns during compilation for better energy efficiency without impacting existing coding practices. In this paper, we propose compiler transformations for two design patterns, Observer and Decorator, and perform an initial evaluation of their energy efficiency.","IEEE Press","623–626","Proceedings of the 37th International Conference on Software Engineering - Volume 2","Florence, Italy","","","","","","Optimising energy consumption of design patterns","10.5555/2819009.2819120"
"Future Gener. Comput. Syst.","https://doi.org/10.1016/j.future.2018.02.044","2018","NLD","0167-739X","Kern, Eva; Hilty, Lorenz M.; Guldner, Achim; Maksimov, Yuliyan V.; Filler, Andreas; Gr\""{o}ger, Jens; Naumann, Stefan","C","86","12","Sep 2018","","article","10.1016/j.future.2018.02.044","","Elsevier Science Publishers B. V.","199–210","","","Environmental criteria for software, Green software, Resource efficiency, Sustainability indicators, Model of software impacts, Energy-aware software","September","","","","Sustainable software products—Towards assessment criteria for resource and energy efficiency","10.1016/j.future.2018.02.044"
"","https://doi.org/10.1145/2465449.2465463","2013","New York, NY, USA","","Druilhe, R\'{e}mi; Anne, Matthieu; Pulou, Jacques; Duchien, Laurence; Seinturier, Lionel","","","6","","CBSE '13","inproceedings","10.1145/2465449.2465463","The number of connected devices in the home is growing dramatically, increasing the part of the Digital Home in the electric power demand. Reducing the overall energy consumption of the Digital Home becomes a concern in everyday life. Moving applications to the smaller set of devices enables to increase the number of devices that can be put into low power state, and thus reduce energy consumption. However, the application deployment constraints and the Digital Home heterogeneity limit the choice in deployment solutions onto available devices. We propose to consider distributed component-based applications to overcome this limitation. The distribution of applications constraints over its components improves their mobility, i.e., increasing the number of devices on which a component can be deployed. This approach is optimized to reduce the set of processed solutions. Moreover, the proposed architecture reacts continuously to relevant modifications in the Digital Home software architecture (connection and disconnection of devices, start and stop of applications) to always meet energy efficiency. The architecture is also designed to limit its own energy consumption impact. The feasibility of the approach is assessed with Digital Home applications and migration policies between devices.","Association for Computing Machinery","153–158","Proceedings of the 16th International ACM Sigsoft Symposium on Component-Based Software Engineering","Vancouver, British Columbia, Canada","components mobility, deployment constraints, digital home, energy efficiency","","","9781450321228","","Components mobility for energy efficiency of digital home","10.1145/2465449.2465463"
"","","2013","","","Manotas, Irene; Sahin, Cagri; Clause, James; Pollock, Lori; Winbladh, Kristina","","","8","","GREENS '13","inproceedings","","Software engineers make decisions about the design of the software they are creating on a daily basis. These decisions may impact the application in terms of efficiency, usability, flexibility, etc. Different competing design decisions are therefore often evaluated in terms of their projected impact on quality metrics prior to implementation. Recently energy has become a concern for software systems, ranging from mobile devices to large data centers. Additionally, it has been recognized that the software executing on a computing device can have a significant impact on the device's energy consumption. This raises the obvious question of whether or not it is possible to reduce the energy consumption of a software system by the means of software design decisions.This work examines how the use of different servers impacts the energy consumption of a web application. Through a controlled empirical experiment we have discovered several important findings in this regard. The results indicate that the energy consumption of a web application can vary greatly depending on the web server used to handle its requests. Furthermore, different web servers are more or less energy efficient depending on which web application features are being executed. The paper details an analysis of the results of the experiment.","IEEE Press","16–23","Proceedings of the 2nd International Workshop on Green and Sustainable Software","San Francisco, California","empirical studies, energy usage, web applications","","","9781467362672","","Investigating the impacts of web servers on web application energy usage","10.5555/2662693.2662697"
"","","2008","USA","","Seo, Chiyoung","","","","","","phdthesis","","Component-based distributed systems are increasingly deployed onto heterogeneous embedded platforms with limited battery resources. In this domain, it is crucial to provide an effective approach that enables an engineer to build energy-efficient component-based distributed systems throughout the entire development cycle spanning system design-time, construction-time, and runtime. To address this problem, this dissertation first presents a framework that (1) facilitates early estimation of the energy consumption induced by an architectural style in a component-based distributed system, and (2) consequently enables an engineer to use energy consumption estimates along with other quality attributes in determining the most appropriate style for a given distributed system during design-time. As the second part of the solution, this dissertation provides a framework that allows the system engineer to estimate the energy consumption of a component-based distributed system implemented in Java at the level of its components, both during system construction-time and during runtime. We also present several practical applications of the framework, which can be effected either at system construction-time or at runtime for reducing the distributed system’s energy consumption and consequently increasing the lifetime of the system's key services.Our overall approach, composed of the above two estimation frameworks, has been evaluated empirically on a large number of distributed application scenarios, and xii produced very accurate energy consumption estimates. The dissertation concludes with several open research questions that will frame our future work.","University of Southern California","","","","","","","9780549782216","AAI3324944","Prediction of energy consumption behavior in component-based distributed systems","10.5555/1559518"
"","https://doi.org/10.1109/SC.Companion.2012.121","2012","USA","","Shalf, John","","","22","","SCC '12","inproceedings","10.1109/SC.Companion.2012.121","Our underlying machine model has presumed modest growth in parallelism, adherence to Amdahl ratios for speeds-and-feeds, weak-scaling for parallelism, uniform distance between processing elements within a node and between nodes in a system, and conservation of the all-important FLOP in our algorithm and software design. However, the new reality is that parallelism (particularly on-chip) is growing exponentially, bandwidth and memory capacity are increasingly scarce and force us towards strong-scaling, distance as measured by power and performance is increasingly non-uniform at all levels of the machine, and flops are now heavily discounted to the point that wasting any other resource to save a few flops is a losing proposition. The enormous mismatch between our ability to express concepts of locality and implicit parallelism in existing programming models subjects our codes to huge inefficiencies and reduced portability. Future programming models need to be designed to accommodate the first derivative of these emerging hardware trends (exponential parallelism growth, non-uniformity, SIMD width growth, and bandwidth conservation). The talk will discuss the evolution of this mismatch between hardware and abstract machine models, and discuss a path to develop hardware constructs that enable more efficient implementation of core programming model semantics (example PGAS-on-chip, fast global reduction networks). We can also explore software constructs that better reflect the real costs and layout of an algorithm onto the underlying machine architecture (example hierarchical data layout directives and programmable iteration spaces).","IEEE Computer Society","920–941","Proceedings of the 2012 SC Companion: High Performance Computing, Networking Storage and Analysis","","HPC, data, energy efficiency, exascale, manycore, programming models","","","9780769549569","","The analysis of impact of energy efficiency requirements on programming environments","10.1109/SC.Companion.2012.121"
"ACM Trans. Des. Autom. Electron. Syst.","https://doi.org/10.1145/2842613","2016","New York, NY, USA","1084-4309","Lee, Sungkwang; Lee, Taemin; Park, Hyunsun; Ahn, Junwhan; Yoo, Sungjoo; Won, Youjip; Lee, Sunggu","3","21","25","July 2016","","article","10.1145/2842613","Phase-change memory (PCM) has several benefits including low cost, non-volatility, byte-addressability, etc., and limitations such as write endurance. There have been several hardware approaches to exploit the benefits while minimizing the negative impact of limitations. Software approaches could give further improvements, when used together with hardware approaches, by taking advantage of write behavior present in the program, e.g., write behavior on dynamically allocated data, which is hardly captured by hardware approaches. This work proposes a software design methodology to reduce costly PCM writes. First, on top of existing hardware approach such as Flip-N-Write, we advocate exploiting the capability of PCM bit-level differential write in the software by judiciously reusing previously allocated memory resource. In order to avoid wear-out incurred by the reuse, we present software-based wear-leveling methods that distribute writes across PCM cells. In order to further reduce PCM writes, we propose identifying data, the loss of which does not affect the functionality of the underlying software, and then diverting write traffic for those data items to volatile memory. To evaluate the effectiveness of these methods, as a case study, we applied the proposed methods to the design of journaling in SQLite, which is an important database application commonly used in smartphones. For the experiments, we used an in-house PCM-based prototype board. Our experiments with four representative mobile applications show that the proposed design methods, which is applied on top of the hardware approach, Flip-N-Write, result in 75.2% further reduction in total bit updates in PCM, on average, without aggravating wear-out compared with the baseline of PCM-based journaling, which is based only on the hardware approach. Also, the proposed design methods result in 49.4% reduction in energy consumption and 52.3% reduction in runtime compared to a typical FIFO management of free resources.","Association for Computing Machinery","","","","Phase change memory, SQLite, differential write, wear leveling","April","47","","","Differential Write-Conscious Software Design on Phase-Change Memory: An SQLite Case Study","10.1145/2842613"
"","https://doi.org/10.1145/2739011.2739012","2013","New York, NY, USA","","Menghin, Manuel; Druml, Norbert; Preschern, Christopher; Steger, Christian; Weiss, Reinhold; Bock, Holger; Haid, Josef","","","12","","EuroPLoP '13","inproceedings","10.1145/2739011.2739012","Resource management is important because of the rising diversity and the resource constraints, like energy, of embedded systems. Energy-constraints are especially challenging in mobile systems like smart phones. A solution to deal with these constraints are power-management techniques that are often only general design principles. Consequently, implementation is often done by experts only. One common approach is to optimize hardware and software until the energy-constraints are fulfilled. This leads to resulting solutions working only for one specific use case. So why shouldn't we mine and use design patterns for power-management in embedded systems from these individual solutions. In contribution, we extended the dynamics and consequence section of the pattern structure to be able to describe the impact to the power consumption. We used the extended structure and mined an example pattern called Energy Valve as a start for mining others.","Association for Computing Machinery","","Proceedings of the 18th European Conference on Pattern Languages of Program","Irsee, Germany","hardware design, resource management","","1","9781450334655","","Introduction of design pattern(s) for power-management in embedded systems","10.1145/2739011.2739012"
"","https://doi.org/10.1145/1403375.1403656","2008","New York, NY, USA","","Thoguluva, Janar; Raghunathan, Anand; Chakradhar, Srimat T.","","","6","","DATE '08","inproceedings","10.1145/1403375.1403656","Cryptographic accelerators and security processors are often used in embedded systems in order to enable enhanced security without significantly impacting performance or power consumption. However, realizing the performance promised by them requires the design of efficient software architectures for crypto offloading (offloading cryptographic operations from a host processor). In this paper, we describe an efficient software architecture for IPSec crypto offloading on a state-of-the-art mobile application processor system-on-chip (SoC) that includes a programmable security processor. We consider both user-space and kernel-space implementations of IPSec, compare their performance, and identify factors that limit the efficiency of crypto offloading. We describe two optimizations, called protocol-level crypto offloading and adaptive crypto offloading, which further improve the performance of IPSec by (i) offloading higher granularity computations to reduce the crypto offloading overheads, and (ii) using crypto offloading judiciously based on the trade-off between the savings in processing cycles vs. the overhead of communication with the security processor. We measure the performance of our implementation of IPSec crypto offloading using a commercial network protocol stack on the mobile application processor SoC, under a wide range of workloads. Our results indicate that efficient crypto offloading can result in application-level improvements of up to 10.6X in data rate and up to 5X in latency, enabling IPSec to be used for emerging high-bandwidth and interactive mobile applications.","Association for Computing Machinery","1148–1153","Proceedings of the Conference on Design, Automation and Test in Europe","Munich, Germany","","","","9783981080131","","Efficient software architecture for IPSec acceleration using a programmable security processor","10.1145/1403375.1403656"
"","https://doi.org/10.1145/2463209.2488852","2013","New York, NY, USA","","Lukasiewycz, Martin; Steinhorst, Sebastian; Andalam, Sidharta; Sagstetter, Florian; Waszecki, Peter; Chang, Wanli; Kauer, Matthias; Mundhenk, Philipp; Shanker, Shreejith; Fahmy, Suhaib A.; Chakraborty, Samarjit","","","6","","DAC '13","inproceedings","10.1145/2463209.2488852","This paper gives an overview of the system architecture and software design challenges for Electric Vehicles (EVs). First, we introduce the EV-specific components and their control, considering the battery, electric motor, and electric powertrain. Moreover, technologies that will help to advance safety and energy efficiency of EVs such as drive-by-wire and information systems are discussed. Regarding the system architecture, we present challenges in the domain of communication and computation platforms. A paradigm shift towards time-triggered in-vehicle communication systems becomes inevitable for the sake of determinism, making the introduction of new bus systems and protocols necessary. At the same time, novel computational devices promise high processing power at low cost which will make a reduction in the number of Electronic Control Units (ECUs) possible. As a result, the software design has to be performed in a holistic manner, considering the controlled component while transparently abstracting the underlying hardware architecture. For this purpose, we show how middleware and verification techniques can help to reduce the design and test complexity. At the same time, with the growing connectivity of EVs, security has to become a major design objective, considering possible threats and a security-aware design as discussed in this paper.","Association for Computing Machinery","","Proceedings of the 50th Annual Design Automation Conference","Austin, Texas","electric vehicle, software design, system architecture","","95","9781450320719","","System architecture and software design for electric vehicles","10.1145/2463209.2488852"
"J. Supercomput.","https://doi.org/10.1007/s11227-022-04877-7","2022","USA","0920-8542","Ali, Zainab H.; Zaki, John F.; El-Rashidy, Nora","6","79","23","Apr 2023","","article","10.1007/s11227-022-04877-7","Recently, a crucial need has grown for improving data communication for the application of roads and ad hoc networks. That is, to provide reliable and operational efficiency in data delivery and throughput. Due to the fast fragmentation and dynamic network behavior, there is an increasing demand to reach reliability in data transmission. Furthermore, the various features and the manifold of dynamic topologies in the vehicular ad hoc network raise the need to redesign the routing strategy. Thus, ensuring efficient and reliable data delivery. This paper aims to introduce a Software architecture for Road Network. The architecture is based on fog computing and aims to improve the overall performance in vehicular networks. The proposed architecture is a new routing design for the urban system to accomplish low energy consumption and operational efficiency in data delivery. The integration between the software-defined networks and fog computing platform in the proposed architecture aids to address the high rate of data transmission. Historically, this high rate negatively affected network capacity and power consumption. To prove the effectiveness of the proposed architecture, it is compared with five state-of-art algorithms published in high impact journals. The proposed architecture performance is tested based on four metrics namely packet delivery ratio, network throughput, power consumption, and routing overhead. The experimental results indicate that a 50–60% improvement in both power consumption and packet delivery ratio, while a 60–65% enhancement in network throughput and routing overhead, respectively.","Kluwer Academic Publishers","6017–6039","","","Fog computing platform, Intelligent transportation systems, Geographic routing protocol, Software-defined-network, Vehicular ad hoc network, Internet of things","October","","","","Dynamic urban evaluation routing protocol for enhanced vehicle ad hoc networks","10.1007/s11227-022-04877-7"
"Trans. Comp.-Aided Des. Integ. Cir. Sys.","https://doi.org/10.1109/TCAD.2003.816207","2006","","0278-0070","Tan, T. K.; Raghunathan, A.; Jha, N. K.","9","22","11","November 2006","","article","10.1109/TCAD.2003.816207","Energy consumption has become a major focus in the design of embedded systems (e.g., mobile computing and wireless communication devices). In particular, a shift of emphasis from hardware-oriented low-energy design techniques to energy-efficient embedded software design has occurred progressively in the past few years. To that end, various techniques have been developed for the design of energy-efficient embedded software. In operating system (OS)-driven embedded systems, the OS has a significant impact on the system's energy consumption directly (energy consumption associated with the execution of the OS functions and services), as well as indirectly (interaction of the OS with the application software). As a first step toward designing energy-efficient OS-based embedded systems, it is important to analyze the energy consumption of embedded software by taking the OS energy characteristics into account. To facilitate such studies, we present, in this work, an energy simulation framework that can be used to analyze the energy consumption characteristics of an embedded system featuring the embedded Linux OS running on the StrongARM processor. The framework allows software designers to study the energy consumption of the system software in relation to the application software, identify the energy hot spots, and perform design changes based on the knowledge of the OS energy consumption characteristics as well as application-OS interactions.","IEEE Press","1284–1294","","","","November","","","","A simulation framework for energy-consumption analysis of OS-driven embedded applications","10.1109/TCAD.2003.816207"
"","","2011","","","Sabharwal, Manuj R.","","","2","","ISLPED '11","inproceedings","","Software is increasingly becoming a central issue in low power consumer based system. The amount of energy consumed by software has severe battery impact on the system. Minimizing power consumption is one of the primary challenges that today's developers faces due to lack of instrumentation functionality in the system. This tutorial will cover different prospect of energy usage and energy aware software design in system ranging from notebooks to smartphones/tablets. This tutorial will give special importance on the role of idle software in attain overall system energy efficiency. In Summary, this tutorial will give overview of software impact on hardware, quantify the impact and fix the issues in applications to extend the battery life.","IEEE Press","63–64","Proceedings of the 17th IEEE/ACM International Symposium on Low-Power Electronics and Design","Fukuoka, Japan","energy-aware computing, power optimization, software optimization","","","9781612846606","","Software power optimization: analysis and optimization for energy-efficient software","10.5555/2016802.2016821"
"","","2008","USA","","Cao, Qing","","","","","","phdthesis","","Wireless sensor networks promise an unprecedented potential for observing the physical world. Their battery life, however, is usually the bottleneck that limits application lifetime, a problem that is exacerbated by the disparity between the rapidly growing processing speed and the slowly improving battery capacity. We observed the importance of this problem in our first-hand experiences: during our involvement in two large-scale sensor network deployments, VigilNet, and EnviroMic, energy is the primary concern in the development and deployment of applications. Our experiences with these projects motivate us to consider the central role that energy plays in the design and implementation of software stacks for wireless sensor networks, including not only the design choices of protocols but also the overall system architecture. In this dissertation, we present an energy-centric software architecture, LiteArch, that addresses the following three problems. First, we address the problem of energy conservation, where we consider a stack of protocols that extends the lifetime of sensor networks through duty scheduling, and provide an analysis on the quantitative relationship between energy consumption and surveillance performance. Second, we address energy awareness, where we design energy-efficient communication protocols, whose performance usually dominates the overall energy efficiency of applications. Finally, we address energy isolation, where we implement an energy reserve abstraction that virtualizes energy sources, giving each application sharing the same platform an illusion of having its own guaranteed energy source. Because these three problems are closely related to the role played by energy, we call the overall LiteArch architecture  energy-centric.  The immediate implications of LiteArch is that it can improve the performance of the motivating projects, VigilNet and EnviroMic. In the long term, the impact of LiteArch will be manifested through our continuing development of LiteOS, an operating system on which we have implemented several representative protocols in LiteArch. Our solutions reflect the profound impact of energy on the design and implementation of the sensor network software stack, and shed light on the general principles that help design and implementation of future sensor network platforms.","University of Illinois at Urbana-Champaign","","","","","","","9780549909408","AAI3337714","Litearch: an energy-centric software architecture for wireless sensor networks","10.5555/1571034"
"","https://doi.org/10.1109/ICSE.2019.00114","2019","","","Chowdhury, Shaiful Alam; Hindle, Abram; Kazman, Rick; Shuto, Takumi; Matsui, Ken; Kamei, Yasutaka","","","12","","ICSE '19","inproceedings","10.1109/ICSE.2019.00114","Energy consumption is a concern in the data-center and at the edge, on mobile devices such as smartphones. Software that consumes too much energy threatens the utility of the end-user's mobile device. Energy consumption is fundamentally a systemic kind of performance and hence it should be addressed at design time via a software architecture that supports it, rather than after release, via some form of refactoring. Unfortunately developers often lack knowledge of what kinds of designs and architectures can help address software energy consumption. In this paper we show that some simple design choices can have significant effects on energy consumption. In particular we examine the Model-View-Controller architectural pattern and demonstrate how converting to Model-View-Presenter with bundling can improve the energy performance of both benchmark systems and real world applications. We show the relationship between energy consumption and bundled and delayed view updates: bundling events in the presenter can often reduce energy consumption by 30%.","IEEE Press","1107–1118","Proceedings of the 41st International Conference on Software Engineering","Montreal, Quebec, Canada","MVC, MVP, architecture, energy consumption","","","","","GreenBundle: an empirical study on the energy impact of bundled processing","10.1109/ICSE.2019.00114"
"J. Softw. Evol. Process","https://doi.org/10.1002/smr.1939","2018","USA","2047-7473","Salam, Muhammad; Khan, Siffat Ullah","8","30","21","August 2018","","article","10.1002/smr.1939","Green and sustainable software development has emerged in recent years, and vendors are constantly striving to develop software that has a less hazardous impact on the environment, economy, and human beings. However, developing green software in the context of software multisourcing is not a risk‐free activity, and vendors are exposed to several challenges. The authors have conducted both a systematic literature review and an industrial survey to identify the challenges faced by multisourcing vendors in the development of green and sustainable software. The final publication sample for the systematic literature review is composed of 54 research papers. Similarly, the final sample of the industrial survey is composed of 108 relevant experts. The authors have identified a list of 14 challenges. Of these challenges/risk factors, 8 have been tagged as critical risk factors. These critical risk factors are “lack of green RE practices,” “high power consumption,” “high carbon emission throughout the software development,” “poor software design (architectural, logical, physical, and user interface),” “lack of ICTs for coordination and communication,” “high resource requirements,” “lack of coding standards,” and “lack of green software development knowledge.”","John Wiley &amp; Sons, Inc.","","","","challenges/risk factors, green and sustainable software, green software development, industrial survey, software multisourcing, systematic literature review, vendors","August","","","","Challenges in the development of green and sustainable software for software multisourcing vendors: Findings from a systematic literature review and industrial survey","10.1002/smr.1939"
"","","2021","","","du Plessis, Shani","","","","","","mastersthesis","","Since its inception in 2009, the Internet of Things (IoT) has grown dramatically in both size and complexity. One of the areas that has seen significant developments is that of resource-constrained devices. Such devices clearly require careful engineering in order to manage resources such as energy and memory, whilst still ensuring acceptable performance. A number of aspects play a critical role in the engineering of such systems. One such aspect is the choice of software architecture. The microservices architecture appears to be a promising approach for IoT, as suggested by a number of researchers. However, limited research has been done on the implementation of microservices in IoT and resource-constrained devices, and even less research has been done to compare the microservices architecture to the monolithic architecture in such deployments.The aim of this research thesis was to compare these two architectures in the context of IoT and constrained devices. The two architectures were compared by: energy consumption, runtime performance and memory consumption. To ensure that the results are not specific to a single programming language, each architecture was developed in three different languages: Go, Python and C++. Following a review of different asynchronous messaging protocols, Message Queuing Telemetry Transport was selected. The experiments were conducted on a Raspberry Pi 4, and a number of other hardware devices were used, including sensors, an actuator and a type C USB Tester. Two metrics were used to measure power consumption: maximum instantaneous power consumption and total power consumption. Whilst three metrics were used to measure memory consumption: maximum Resident Set Size (RSS), total RSS and central processing unit (CPU) resource usage. Each experiment was carried out 10 times in order to ensure data validity.The power consumption results showed that the microservices architecture had, on average, 14,9% higher maximum instantaneous power consumption, whilst the total power consumption of the microservices architecture was only 3,0% greater than that of the monolithic architecture. The runtime results indicated that the microservices architecture had a longer runtime than the monolithic architecture for Go and C++, whilst the inverse was true for Python. When considering memory consumption, it was found that the maximum RSS was 37,1% greater for the microservices architecture. The total RSS results for both architectures were very similar for Go and C++, whilst microservices performed much better for Python. Lastly, the results for CPU usage showed that the monolithic architecture had, on average, 14,9% greater CPU usage than the microservices architecture. It was concluded that, for small-scale applications, the monolithic architecture had better performance across most metrics and languages. It was, however,recommended that additional research be conducted on larger scale applications to determine the applicability of these results beyond the scope of small-scale applications. In general, there is still much room for research in this area.","Universidade do Algarve (Portugal)","","","","","","","9798819341537","AAI29096435","A Comparative Study of Software Architectures in Constrained-Device IoT Deployments","10.5555/AAI29096435"
"IEEE Trans. Comput.","https://doi.org/10.1109/TC.2006.29","2006","USA","0018-9340","Phatrapornnant, Teera; Pont, Michael J.","2","55","12","February 2006","","article","10.1109/TC.2006.29","We have previously demonstrated that use of an appropriate Dynamic Voltage Scaling (DVS) algorithm can lead to a substantial reduction in CPU power consumption in systems employing a time-triggered cooperative (TTC) scheduler. In this paper, we consider the impact that the use of DVS has on the levels of both clock and task jitter in TTC applications. We go on to describe a modified DVS algorithm (TTC-jDVS) which can be used where low jitter is an important design consideration. We then demonstrate the effectiveness of the modified algorithm on a data set made up of artificial tasks and in a realistic case study.","IEEE Computer Society","113–124","","","Index Terms- Low power design, real-time systems and embedded systems., scheduling","February","","","","Reducing Jitter in Embedded Systems Employing a Time-Triggered Software Architecture and Dynamic Voltage Scaling","10.1109/TC.2006.29"
"","https://doi.org/10.1007/978-3-642-10265-3_4","2009","Berlin, Heidelberg","","Thompson, Chris; White, Jules; Dougherty, Brian; Schmidt, Douglas C.","","","11","","SEUS '09","inproceedings","10.1007/978-3-642-10265-3_4","Future embedded and ubiquitous computing systems will operate continuously on mobile devices, such as smartphones, with limited processing capabilities, memory, and power. A critical aspect of developing future applications for mobile devices will be ensuring that the application provides sufficient performance while maximizing battery life. Determining how a software architecture will affect power consumption is hard because the impact of software design on power consumption is not well understood. Typically, the power consumption of a mobile software architecture can only be determined after the architecture is implemented, which is late in the development cycle when design changes are costly.Model-driven Engineering (MDE) is a promising solution to this problem. In an MDE process, a model of the software architecture can be built and analyzed early in the design cycle to identify key characteristics, such as power consumption. This paper describes current research in developing an MDE tool for modeling mobile software architectures and using them to generate synthetic emulation code to estimate power consumption properties. The paper provides the following contributions to the study of mobile software development: (1) it shows how models of a mobile software architecture can be built, (2) it describes how instrumented emulation code can be generated to run on the target mobile device, and (3) it discusses how this emulation code can be used to glean important estimates of software power consumption and performance.","Springer-Verlag","36–46","Proceedings of the 7th IFIP WG 10.2 International Workshop on Software Technologies for Embedded and Ubiquitous Systems","Newport Beach, CA","","","","9783642102646","","Optimizing Mobile Application Performance with Model---Driven Engineering","10.1007/978-3-642-10265-3_4"
"Int. J. Embed. Real-Time Commun. Syst.","https://doi.org/10.4018/IJERTCS.2019040102","2019","USA","1947-3176","Samir, El Adib; Naoufal, Raissouni","2","10","18","Apr 2019","","article","10.4018/IJERTCS.2019040102","For real-time embedded applications, several factors (time, cost, power) that are moving security considerations from a function-centric perspective into a system architecture (hardware/software) design issue. The National Institute of Standards and Technology (NIST) adopts Advanced Encryption Standard (AES) as the most widely used encryption algorithm in many security applications. The AES algorithm specifies 10, 12 and 14 rounds offering different levels of security. Although the number of rounds determines the strength of security, the power consumption issue has risen recently, especially in real-time embedded systems. In this article, the authors present real time implementation of the AES encryption on the compactRIO platform for a different number of AES rounds. The target hardware is NI cRIO-9022 embedded real-time controller from National Instruments (NI). The real time encryption processing has been verified successfully. The power consumption and encryption time experimental results are presented graphically for 10, 12 and 14 rounds of processing.","IGI Global","19–36","","","AES, CompactRIO, Cryptography, Embedded Systems, Encryption, LabVIEW Real-Time, PAC, Real Time, Security","April","","","","CompactRIO Based Real Time Implementation of AES Algorithm for Embedded Applications","10.4018/IJERTCS.2019040102"
"","https://doi.org/10.1109/INFOCOM41043.2020.9155421","2020","","","Banou, Stella; Li, Kai; Chowdhury, Kaushik","","","10","","","inproceedings","10.1109/INFOCOM41043.2020.9155421","This paper proposes MAGIC: magnetic resonant (MR) coupling for intra-body communication between implants and wearables. MAGIC includes not only the hardware-software design of the coupled coils and methods of manipulating the magnetic field for relaying information, but also the ability to raise immediate emergency-related alerts with guaranteed delivery time. MR coupling makes the design of the transmission link robust to channel-related parameters, as the magnetic permeability of skin and muscle is close to that of air. Thus, changes in tissue moisture content and thickness does not impact the design, which is a persistent problem in other approaches for implant communications like RF, ultrasound and galvanic coupling (GC). The paper makes three main contributions: It develops the theory leading to the design of the information relaying coils in MAGIC. It proposes a systems-level design of a communication link that extends up to 50cm with a low expected BER of 10&lt;sup&gt;−4&lt;/sup&gt;. Finally, the paper includes an experimental setup demonstrating how MAGIC operates in air and muscle tissue, as well as a comparison with alternative implant communication technologies, such as classical radio frequency and GC. Results reveal that MAGIC offers instantaneous alerts with up to 5 times lower power consumption compared to other forms of communication.","IEEE Press","1549–1558","IEEE INFOCOM 2020 - IEEE Conference on Computer Communications","Toronto, ON, Canada","","","","","","MAGIC: Magnetic Resonant Coupling for Intra-body Communication","10.1109/INFOCOM41043.2020.9155421"
"","https://doi.org/10.1109/ASAP.2011.6043260","2011","USA","","Gilani, S. Z.; Nam Sung Kim; Schulte, M.","","","8","","ASAP '11","inproceedings","10.1109/ASAP.2011.6043260","The lack of hardware support for floating-point arithmetic in low-power software-defined radio architectures can significantly increase their software design time due to a time-consuming process of converting floating-point code to fixed-point code. Moreover, emerging wireless communication protocols involve several matrix based algorithms that are extremely sensitive to round-off errors in computations. Using fixed-point arithmetic for these algorithms can significantly impact the accuracy of algorithm results and may incur additional energy overhead due to the extra instructions required for fixed-point arithmetic. In this paper, we demonstrate that supporting floating-point arithmetic in hardware can deliver nearly 30% higher performance and energy efficiency than supporting only fixed-point arithmetic for key kernels of modern wireless communication protocols. The improvements can be further enhanced by our proposed high-throughput floating-point fused-multiply-add unit. Applying our proposed fused-multiply-add unit to key kernels improves performance of the baseline floating-point unit by as much as 60%, while reducing energy consumption by 30% and area by 33%. Although our approach may cause execution stalls depending on data, we show the performance impact of these stalls is negligible. We also employ dynamic range-based dynamic voltage and frequency scaling to further reduce the energy consumption of the processor by 25% for the same worst-case performance as the baseline floating-point implementation.","IEEE Computer Society","122–129","Proceedings of the ASAP 2011 - 22nd IEEE International Conference on Application-Specific Systems, Architectures and Processors","","dynamic range-based dynamic voltage, energy consumption, energy overhead, energy-efficient floating-point arithmetic, fixed-point arithmetic, fixed-point code, floating-point code, floating-point fused-multiply-add unit, frequency scaling, low-power software-defined radio architecture, processor, round-off error, software design, wireless communication protocol","","","9781457712913","","Energy-efficient floating-point arithmetic for software-defined radio architectures","10.1109/ASAP.2011.6043260"
"","https://doi.org/10.1109/PDP.2015.116","2015","USA","","Danelutto, Marco; Torquati, Massimo; Kilpatrick, Peter","","","8","","PDP '15","inproceedings","10.1109/PDP.2015.116","Structured parallel programming, and in particular programming models using the algorithmic skeleton or parallel design pattern concepts, are increasingly considered to be the only viable means of supporting effective development of scalable and efficient parallel programs. Structured parallel programming models have been assessed in a number of works in the context of performance. In this paper we consider how the use of structured parallel programming models allows knowledge of the parallel patterns present to be harnessed to address both performance and energy consumption. We consider different features of structured parallel programming that may be leveraged to impact the performance/energy trade-off and we discuss a preliminary set of experiments validating our claims.","IEEE Computer Society","430–437","Proceedings of the 2015 23rd Euromicro International Conference on Parallel, Distributed, and Network-Based Processing","","DVFS, algorithmic skeletons, energy efficiency, parallel design patterns, power management","","","9781479984916","","A Green Perspective on Structured Parallel Programming","10.1109/PDP.2015.116"
"","https://doi.org/10.1109/ISCA52012.2021.00086","2021","","","Xiao, Qingcheng; Zheng, Size; Wu, Bingzhe; Xu, Pengcheng; Qian, Xuehai; Liang, Yun","","","14","","ISCA '21","inproceedings","10.1109/ISCA52012.2021.00086","Tensor computations overwhelm traditional general-purpose computing devices due to the large amounts of data and operations of the computations. They call for a holistic solution composed of both hardware acceleration and software mapping. Hardware/software (HW/SW) co-design optimizes the hardware and software in concert and produces high-quality solutions. There are two main challenges in the co-design flow. First, multiple methods exist to partition tensor computation and have different impacts on performance and energy efficiency. Besides, the hardware part must be implemented by the intrinsic functions of spatial accelerators. It is hard for programmers to identify and analyze the partitioning methods manually. Second, the overall design space composed of HW/SW partitioning, hardware optimization, and software optimization is huge. The design space needs to be efficiently explored.To this end, we propose an agile co-design approach HASCO that provides an efficient HW/SW solution to dense tensor computation. We use tensor syntax trees as the unified IR, based on which we develop a two-step approach to identify partitioning methods. For each method, HASCO explores the hardware and software design spaces. We propose different algorithms for the explorations, as they have distinct objectives and evaluation costs. Concretely, we develop a multi-objective Bayesian optimization algorithm to explore hardware optimization. For software optimization, we use heuristic and Q-learning algorithms. Experiments demonstrate that HASCO achieves a 1.25X to 1.44X latency reduction through HW/SW co-design compared with developing the hardware and software separately.","IEEE Press","1055–1068","Proceedings of the 48th Annual International Symposium on Computer Architecture","Virtual Event, Spain","","","","9781450390866","","HASCO: towards agile &lt;u&gt;ha&lt;/u&gt;rdware and &lt;u&gt;s&lt;/u&gt;oftware &lt;u&gt;co&lt;/u&gt;-design for tensor computation","10.1109/ISCA52012.2021.00086"
"","https://doi.org/10.1145/3328833.3328834","2019","New York, NY, USA","","El-Dahshan, Kamal A.; Elsayed, Eman K.; Ghannam, Naglaa E.","","","8","","ICSIE '19","inproceedings","10.1145/3328833.3328834","Software design has a main impact in the quality of the software systems. Anti-patterns are shortcomings exist in the software designs and impact negatively software quality. Mobile applications (apps) with anti-patterns have bad quality and short lifetime. Many empirical studies have assessed that the anti-patterns have a negative impact on change-proneness, fault-proneness, memory consumption and energy efficiency. In addition to that, many studies showed that there was an improvement in the user interface and memory performance of mobile apps when correcting Android anti-patterns. The aim of our research is choosing the suitable UML modeling environment to detect Mobile applications' anti-patterns via reverse engineering. So, in this research, first we present a comparative study between nine UML tools for determining the tools that have the functionality for (reverse, forward) engineering and have the ability for validating the model against the anti-patterns. Second, we apply our proposed method to generate the class diagram model of the apps through decoding the Java source code and detects the design anti-patterns in the model. For validating the proposed method, we applied it in twenty-nine Mobile apps which were downloaded from APKmirror. The proposed method detects and treats ten anti-patterns which have appeared 749 times in the twenty-nine apps.","Association for Computing Machinery","1–8","Proceedings of the 8th International Conference on Software and Information Engineering","Cairo, Egypt","Anti-patterns, Mobile Applications, Modelio, Reverse Engineering, UML","","","9781450361057","","Comparative Study for Detecting Mobile Application's Anti-Patterns","10.1145/3328833.3328834"
"","","2015","San Francisco, CA, USA","","Dastbaz, Mohammad; Pattinson, Colin; Akhgar, Babak","","","","","","book","","We are living in the era of ""Big Data"" and the computing power required to deal with ""Big Data"" both in terms of its energy consumption and technical complexity is one of the key areas of research and development. The U.S. Environmental Protection Agency estimates that centralized computing infrastructures (data centres) currently use 7 giga watts of electricity during peak loads. This translates into about 61 billion kilowatt hours of electricity used. By the EPAs estimates, power-hungry data centres consume the annual output of 15 average-sized power plants. One of the top constraints to increasing computing power, besides the ability to cool, is simply delivering enough power to a given physical space. Green Information Technology: A Sustainable Approach offers in a single volume a broad collection of practical techniques and methodologies for designing, building and implementing a green technology strategy in any large enterprise environment, which up until now has been scattered in difficult-to-find scholarly resources. Included here is the latest information on emerging technologies and their environmental impact, how to effectively measure sustainability, discussions on sustainable hardware and software design, as well as how to use big data and cloud computing to drive efficiencies and establish a framework for sustainability in the information technology infrastructure. Written by recognized experts in both academia and industry, Green Information Technology: A Sustainable Approach is a must-have guide for researchers, computer architects, computer engineers and IT professionals with an interest in greater efficiency with less environmental impact. Introduces the concept of using green procurement and supply chain programs in the IT infrastructure.Discusses how to use big data to drive efficiencies and establish a framework for sustainability in the information technology infrastructure.Explains how cloud computing can be used to consolidate corporate IT environments using large-scale shared infrastructure reducing the overall environmental impact and unlocking new efficiencies.Provides specific use cases for Green IT such as data center energy efficiency and cloud computing sustainability and risk.","Morgan Kaufmann Publishers Inc.","","","","","","","0128013796","","Green Information Technology: A Sustainable Approach","10.5555/2809231"
"Software Quality Journal","https://doi.org/10.1023/A:1022142105380","2002","USA","0963-9314","Chatzigeorgiou, Alexander; Stephanides, George","4","10","17","December 2002","","article","10.1023/A:1022142105380","Acknowledging the intense requirement for low power operation in most portable computing systems, this paper introduces the notion of energy efficient software design and proposes metrics, for evaluating software systems in terms of their energy consumption. Considering the sources of power consumption in every digital circuit, and the fact that power is primarily dependent on the executing software, appropriate energy measures are derived, which can be extracted from the flowgraph of a program. The proposed measures are computed by applying rules common to the existing hierarchical measures of other internal software attributes, and form the basis for the definition of a software energy metric. This metric can be used in order to determine the level of energy consumption of any software system more efficiently than existing assembly-parsing techniques, with only a limited penalty in accuracy. Application to different implementations of algorithms, drawn from matrix algebra and multimedia, demonstrates the efficiency of the proposed energy metric for comparison purposes, and as an indicator for quality improvement.","Kluwer Academic Publishers","355–371","","","embedded software, energy consumption, software metrics","December","","","","Energy Metric for Software Systems","10.1023/A:1022142105380"
"Appl. Soft Comput.","https://doi.org/10.1016/j.asoc.2014.11.054","2015","NLD","1568-4946","Masikos, Michail; Demestichas, Konstantinos; Adamopoulou, Evgenia; Theologou, Michael","C","28","11","March 2015","","article","10.1016/j.asoc.2014.11.054","Graphical abstractDisplay Omitted HighlightsIntroduction of a context-aware routing methodology.Ability to sense the environment and to perceive FEV's special characteristics.A rather unbiased (MPE=0.85%) and accurate (MAPE=10.56%) consumption model.Proposed consumption model vs. a reference model: MPE 20x better, MAPE 2x better.Energy efficient vs. fastest routes: save 21% energy, only 10% longer in time. This paper proposes an alternative approach for determining the most energy efficient route towards a destination. An innovative mesoscopic vehicular consumption model that is based on machine learning functionality is introduced and its application in a case study involving Fully Electric Vehicles (FEVs) is examined. The integration of this model in a routing engine especially designed for FEVs is also analyzed and a software architecture for implementing the proposed routing methodology is defined. In order to verify the robustness and the energy efficiency of this methodology, a system prototype has been developed and a series of field tests have been performed. The results of these tests are reported and significant conclusions are derived regarding the generated energy efficient routes.","Elsevier Science Publishers B. V.","114–124","","","Consumption factor analysis, Context-aware routing, Energy-efficient routing, FEV, Mesoscopic learning model","March","","","","Energy-efficient routing based on vehicular consumption predictions of a mesoscopic learning model","10.1016/j.asoc.2014.11.054"
"Environ. Model. Softw.","","2014","NLD","1364-8152","Liang, Qiao-Mei; Yao, Yun-Fei; Zhao, Lu-Tao; Wang, Ce; Yang, Rui-Guang; Wei, Yi-Ming","C","51","12","January 2014","","article","","This paper introduces the China Energy &amp; Environmental Policy Analysis (CEEPA) system. The core of CEEPA is a recursive dynamic computable general equilibrium model, in which the interactions among different agents in the macroeconomic system of China are described. The specific characteristics of Chinese labor market and energy market are also taken into account. The corresponding software system is also developed. CEEPA and its related software was designed for providing decision makers a uniform platform to simulate, analyze and compare different energy and environmental policies conveniently, flexibly and immediately. The application of CEEPA is illustrated in a case study which compares the energy, environmental and socio-economic impacts of energy tax and carbon tax. Results show that given the same extent of direct disturbance, carbon tax is able to restrict energy consumption and CO2 emissions to a greater extent, but the general socio-economic cost caused by energy tax is lower. A uniform platform was developed for China's Energy &amp; Environmental Policy Analysis.This CGE-based platform can assess the economy-wide impacts of different disturbances.Scenario-oriented design pattern is one important characteristics of this platform.Application was illustrated by comparing impacts of energy tax and carbon tax policy.","Elsevier Science Publishers B. V.","195–206","","","Computable general equilibrium, Decision support system, Energy and environmental policy","January","","","","Platform for China Energy &amp; Environmental Policy Analysis","10.5555/2772083.2772301"
"","https://doi.org/10.1145/3021460.3021464","2017","New York, NY, USA","","Marimuthu, C.; Chandrasekaran, K.","","","11","","ISEC '17","inproceedings","10.1145/3021460.3021464","Green and sustainable software engineering is an emerging research field which aims at creating, using, and disposing the energy-efficient software in an environment friendly manner with less negative impacts. The research community strongly believes that the energy efficiency and sustainability of the software can be improved by modifying the existing software engineering methods. This systematic mapping study identifies and map such methods for green and sustainable software development. Especially, this study identifies the research types, research goals, software engineering research topics, accepted validation methods and publication fora that are used in the field of green and sustainable software engineering. This study was conducted with 7 research questions and analyzed 82 relevant studies. We have used snowballing reading to find out the relevant studies that were published from 2010 to May, 2016. One of the important finding of this study is, there are less number of contributions on software design and construction. In future, sufficient research works and tools support must be provided to make this research field more matured. The main contribution of this study is to summarize the body of knowledge in the field of green and sustainable software engineering and provides a platform to conduct future research.","Association for Computing Machinery","34–44","Proceedings of the 10th Innovations in Software Engineering Conference","Jaipur, India","green and sustainable software engineering, green software, systematic mapping study","","","9781450348560","","Software Engineering Aspects of Green and Sustainable Software: A Systematic Mapping Study","10.1145/3021460.3021464"
"Procedia Comput. Sci.","https://doi.org/10.1016/j.procs.2015.05.152","2015","NLD","1877-0509","Yi, Zhang; Rong, Zhang; Jikun, Zhou; Ying, Chen","C","52","5","2015","","article","10.1016/j.procs.2015.05.152","","Elsevier Science Publishers B. V.","1166–1170","","","Embedded system, Storage measurement technique, Drop test, Shock signal recorder, System on chip","January","","","","Embedded Transient Shock Signal Storage Test Technique under High Overload","10.1016/j.procs.2015.05.152"
"","","2001","USA","","","","","","","IPDPS '01","inproceedings","","Portability and energy consumption have become increasingly important in mobile computing. Consequently, there is a clear need for energy-aware portable software design. This paper brings these two design considerations together by examining and optimizing the energy consumption of array allocation mechanisms in Java. Specifically, using a set of array-dominated benchmarks and a partitioned memory architecture with multiple low-power operating modes, we study two data optimization techniques: memory layout modification and array-interleaving. Our results show that these optimizations increase the effectiveness of energy savings due to power control of partitioned memory architectures across different memory configurations. It is observed that the memory energy can be significantly reduced using these techniques.","IEEE Computer Society","10003.1","Proceedings of the 15th International Parallel and Distributed Processing Symposium (IPDPS'01) - Volume 1","","","","","0769509908","","Influence of Array Allocation Mechanisms on Memory System Energy","10.5555/846235.849415"
"","","2001","USA","","Sinha, Amit; Chandrakasan, Anantha","","","","","","phdthesis","","Energy efficient system design is becoming increasingly important with the proliferation of portable, battery-operated appliances such as laptops, Personal Digital Assistants (PDAs) and cellular phones. Numerous dedicated hardware approaches for energy minimization have been proposed while software energy efficiency has been relatively unexplored. Since it is the software that drives the hardware, decisions taken during software design can have a significant impact on system energy consumption. This thesis explores avenues for improving system energy efficiency from application level to the operating system level. The embedded operating system can have a significant impact on system energy by performing dynamic power management both in the active and passive states of the device. Software controlled active power management techniques using dynamic voltage and frequency scaling have been explored. Efficient workload prediction strategies have been developed that enable just-in-time computation. An algorithm for efficient real-time operating system task scheduling has also been developed that minimizes energy consumption. Portable systems spend a lot of time in steep mode. Idle power management strategies have been developed that consider the effect of leakage and duty-cycle on system lifetime. A hierarchical shutdown approach for systems characterized multiple sleep states has been proposed. Although the proposed techniques are quite general, their applicability and utility have been demonstrated using the MIT μAMPS wireless sensor node an example system wherever possible. To quantify software energy consumption, an estimation framework has been developed based on experiments on the StrongARM and Hitachi processors. The software energy profiling tool is available on-line. Finally, in energy constrained systems, we would like to have the ability to trade-off quality of service for extended battery life. A scalable approach to application development has been demonstrated that allows energy quality trade-offs. (Copies available exclusively from MIT Libraries, Rm. 14-0551, Cambridge, MA 02139-4307. Ph. 617-253-5668; Fax 617-253-1690.)","Massachusetts Institute of Technology","","","","","","","","AAI0803422","Energy efficient operating systems and software","10.5555/935510"
"","https://doi.org/10.1145/2048147.2048233","2011","New York, NY, USA","","Gray, Jeff; White, Jules","","","2","","OOPSLA '11","inproceedings","10.1145/2048147.2048233","The mobile sensing and networking capabilities of smartphones create a unique platform for building cyber-physical and other applications that sense and respond to the environment. Moreover, social networking capabilities of these platforms offer new paradigms for dissemination of knowledge, harvesting of user relationship information, and following current events. For example, recent research has yielded cyber-physical applications and cloud services to track patients lifestyle choices for health purposes, monitor CO2 emissions around smartphone users, predict and respond to traffic accidents, measure traffic and derive road quality, and monitor cardiac patients. This workshop aims to investigate the key research challenges in this domain, such as software design impact on power consumption, synchronization of data with the cloud, and challenges of utilizing these services for mission-critical applications. The workshop will also investigate novel new methodologies for applying these computing paradigms to problems of societal importance.","Association for Computing Machinery","329–330","Proceedings of the ACM International Conference Companion on Object Oriented Programming Systems Languages and Applications Companion","Portland, Oregon, USA","mobile computing, smartphones, social computing","","","9781450309424","","Workshop on NExt-generation applications of smartphones (NEAT)","10.1145/2048147.2048233"
"","","2003","USA","","Tan, T. K.; Raghunathan, A.; Jha, N. K.","","","","","DATE '03","inproceedings","","Previous work on software optimization for low energy has focussed on instruction-level optimizations and compiler techniques. We argue, and demonstrate, that significant energy saviings could be ""left on the table"" if energy is not considered during the design of the software architecture. As a first step towards addressing this gap, we propose a systematic framework for software architectural transformations to reduce energy consumption. We consider software architectural transformations in the context of the multi-process software style driven by an operating system (OS), which is very commonly employed in energy-sensitive embedded systems. Our methodology for applying software architectural transformations consists of: (i) constructing a software architecture graph representation, (ii) deriving initial energy and performance statistics using a detailed energy simulation framework, (iii) constructing sequences of atomic software architectural transformations, guided by energy change estimates derived from high-level energy macro-models, that result in maximal energy reduction, and (iv) generation of program source code to reflect the optimized software architecture. We employ a wide suite of software architectural transformations whose effects span the application-OS boundary, including how the program functionality is structured into architectural components (e.g., Application processes, signal handlers, and device drivers), and connectors between them (inter-component synchronization and communication mechanisms). We present experimental results on several multi-process embedded software programs, in the context of an embedded system that features the Intel StrongARM processor and the embedded Linux OS. The presented results clearly underscore the potential of the proposed methodology (up to 66.1% reduction in energy is obtained). In a broader sense, our work demonstrates the impact of considering energy during the earlier stages of the software design process.","IEEE Computer Society","11046","Proceedings of the Conference on Design, Automation and Test in Europe - Volume 1","","","","","0769518702","","Software Architectural Transformations: A New Approach to Low Energy Embedded Software","10.5555/789083.1022860"
"","https://doi.org/10.1007/978-3-642-02414-6_13","2009","Berlin, Heidelberg","","Loiret, Fr\'{e}d\'{e}ric; Navas, Juan; Babau, Jean-Philippe; Lobry, Olivier","","","18","","CBSE '09","inproceedings","10.1007/978-3-642-02414-6_13","As embedded systems must constantly integrate new functionalities, their developement cycles must be based on high-level abstractions, making the software design more flexible. CBSE provides an approach to these new requirements. However, low-level services provided by operating systems are an integral part of embedded applications, furthermore deployed on resource-limited devices. Therefore, the expected benefits of CBSE must not impact on the constraints imposed by the targetted domain, such as memory footprint, energy consumption, and execution time. In this paper, we present the componentization of a legacy industry-established Real-Time Operating System, and how component-based applications are built on top of it. We use the Think framework that allows to produce flexible systems while paying for flexibility only where desired. Performed experimentions show that the induced overhead is negligeable.","Springer-Verlag","209–226","Proceedings of the 12th International Symposium on Component-Based Software Engineering","East Stroudsburg, PA, USA","","","","9783642024139","","Component-Based Real-Time Operating System for Embedded Applications","10.1007/978-3-642-02414-6_13"
"","https://doi.org/10.1145/781131.781138","2003","New York, NY, USA","","Xie, Fen; Martonosi, Margaret; Malik, Sharad","","","14","","PLDI '03","inproceedings","10.1145/781131.781138","With power-related concerns becoming dominant aspects of hardware and software design, significant research effort has been devoted towards system power minimization. Among run-time power-management techniques, dynamic voltage scaling (DVS) has emerged as an important approach, with the ability to provide significant power savings. DVS exploits the ability to control the power consumption by varying a processor's supply voltage (V) and clock frequency (f). DVS controls energy by scheduling different parts of the computation to different (V, f) pairs; the goal is to minimize energy while meeting performance needs. Although processors like the Intel XScale and Transmeta Crusoe allow software DVS control, such control has thus far largely been used at the process/task level under operating system control. This is mainly because the energy and time overhead for switching DVS modes is considered too large and difficult to manage within a single program.In this paper we explore the opportunities and limits of compile-time DVS scheduling. We derive an analytical model for the maximum energy savings that can be obtained using DVS given a few known program and processor parameters. We use this model to determine scenarios where energy consumption benefits from compile-time DVS and those where there is no benefit. The model helps us extrapolate the benefits of compile-time DVS into the future as processor parameters change. We then examine how much of these predicted benefits can actually be achieved through optimal settings of DVS modes. This is done by extending the existing Mixed-integer Linear Program (MILP) formulation for this problem by accurately accounting for DVS energy switching overhead, by providing finer-grained control on settings and by considering multiple data categories in the optimization. Overall, this research provides a comprehensive view of compile-time DVS management, providing both practical techniques for its immediate deployment as well theoretical bounds for use into the future.","Association for Computing Machinery","49–62","Proceedings of the ACM SIGPLAN 2003 Conference on Programming Language Design and Implementation","San Diego, California, USA","analytical model, compiler, dynamic voltage scaling, low power, mixed-integer linear programming","","","1581136625","","Compile-time dynamic voltage scaling settings: opportunities and limits","10.1145/781131.781138"
"IEEE J.Sel. A. Commun.","","2006","","0733-8716","Kawadia, V.; Kumar, P. R.","1","23","13","September 2006","","article","","Transmit power control is a prototypical example of a cross-layer design problem. The transmit power level affects signal quality and, thus, impacts the physical layer, determines the neighboring nodes that can hear the packet and, thus, the network layer affects interference which causes congestion and, thus, affects the transport layer. It is also key to several performance measures such as throughput, delay, and energy consumption. The challenge is to determine where in the architecture the power control problem is to be situated, to determine the appropriate power level by studying its impact on several performance issues, to provide a solution which deals properly with the multiple effects of transmit power control, and finally, to provide a software architecture for realizing the solution. We distill some basic principles on power control, which inform the subsequent design process. We then detail the design of a sequence of increasingly complex protocols, which address the multidimensional ramifications of the power control problem. Many of these protocols have been implemented, and may be the only implementations for power control in a real system. It is hoped that the approach in this paper may also be of use in other topical problems in cross-layer design.","IEEE Press","76–88","","","Design principles, Linux implementation, power control","September","","","","Principles and protocols for power control in wireless ad hoc networks","10.5555/2312213.2315136"
"IEEE Trans. Very Large Scale Integr. Syst.","https://doi.org/10.1109/TVLSI.2003.819569","2003","USA","1063-8210","Sinha, Amit; Ickes, Nathan; Chandrakasan, Anantha P.","6","11","14","December 2003","","article","10.1109/TVLSI.2003.819569","Energy conscious software design can significantly improve the energy efficiency of a portable system. A software energy estimation technique using instruction class profiling is presented. The technique is shown to have an estimation error of less than 3% with trivial runtime overhead, based on a set of application programs evaluated on the StrongARM SA-1100 and Hitachi SH-4 microprocessors. A technique to isolate the switching and leakage energy components of software is outlined. The energy overhead of a real-time operating system is also profiled. The overall impact of system-level software energy management is quantified using the MIT µAMPS system as an application example.","IEEE Educational Activities Department","1044–1057","","","instruction current profiling, low power, software energy, system-level energy management","December","","","","Instruction level and operating system profiling for energy exposed software","10.1109/TVLSI.2003.819569"
"","https://doi.org/10.1145/958491.958504","2003","New York, NY, USA","","Leopold, Martin; Dydensborg, Mads Bondo; Bonnet, Philippe","","","11","","SenSys '03","inproceedings","10.1145/958491.958504","The current generation of sensor nodes rely on commodity components. The choice of the radio is particularly important as it impacts not only energy consumption but also software design (e.g., network self-assembly, multihop routing and in-network processing). Bluetooth is one of the most popular commodity radios for wireless devices. As a representative of the frequency hopping spread spectrum radios, it is a natural alternative to broadcast radios in the context of sensor networks. The question is whether Bluetooth can be a viable alternative in practice. In this paper, we report our experience using Bluetooth for the sensor network regime. We describe our tiny Bluetooth stack that allows TinyOS applications to run on Bluetooth-based sensor nodes, we present a multihop network assembly procedure that leverages Bluetooth's device discovery protocol, and we discuss how Bluetooth favorably impacts in-network query processing. Our results show that despite obvious limitations the Bluetooth sensor nodes we studied exhibit interesting properties, such as a good energy per bit sent ratio. This reality check underlies the limitations and some promises of Bluetooth for the sensor network regime.","Association for Computing Machinery","103–113","Proceedings of the 1st International Conference on Embedded Networked Sensor Systems","Los Angeles, California, USA","bluetooth, mac layer, network self-assembly, sensor nodes","","","1581137079","","Bluetooth and sensor networks: a reality check","10.1145/958491.958504"
"","","2004","USA","","Buehler, David Martin; Donohoe, Gregory W.","","","","","","phdthesis","","Due to the high cost of circuitry for performing floating-point arithmetic (in terms of area, design complexity and power consumption), the Reconfigurable DataPath Processor (RDPP) only has circuitry for performing integer arithmetic. When floating-point circuitry is unavailable, values from the mathematical field of reals can be represented using a fixed-point representation. However, implementing a computation using fixed-point representations of value is much more challenging than implementing the same computation using floating-point representations of values. This is because the designer has to determine and implement alignment operations, resealing operations and overflow protection operations—operations which are built into floating-point circuitry—for himself. This work presents a theoretical foundation which can be used to determine how to implement a computation using fixed-point numerical representations. This theory is based on a notation for the partitioning of the fixed-point value's runtime integer into a sign region; an integer region and a fractional region. A method for determining the partitioning of results of the mathematical operations addition, subtraction, and multiplication is presented. This method is based on a static analysis of the computation which determines a partitioning, estimated value ranges and estimated accumulated truncation error for each node in the computation. A software design tool has been written which implements this theory, for evaluation purposes. The software tool takes a high-level description of an algorithm and creates an implementation which uses fixed-point representations of numerical values. It also provides feedback on the implementation it creates, including information about the range and resolution of all variables, numbers of bits truncated, and cumulative maximum truncation error. The software tool was used to implement several example problems, which were taken from the RDPP project's requirements, using fixed-point values. The quality of these implementations was then evaluated, providing a measure of how useful the theory is in practice.","University of Idaho","","","","","","","","AAI3123845","A methodology for designing and analyzing fixed-point implementations of computational data paths","10.5555/1023431"
"","","2011","USA","","Liscano, Ramiro; Dingel, Juergen; Petriu, Dorina; Qureshi, Faisal","","","3","","CASCON '11","inproceedings","","Advances in sensing hardware, computation and storage platforms and communication technologies have given rise to a plethora of sensory devices, ranging from biological sensors for health monitoring, humidity meters and temperature sensors for ecological monitoring, energy consumption sensors for smart homes and data centers, imaging sensors for surveillance and security applications, etc. In an effort to monitor our surroundings and to create the capability to respond to any situations that might arise in our surroundings, such sensors are being deployed at an ever increasing rate by both companies and individuals. A worthy goal is to develop techniques for managing these sensors and for analyzing and monitoring the data streams generated by these sensors. Traditionally, data streams are collected at a central location (typically a laptop/desktop computer) for monitoring, analysis and archiving. Mobile computing platforms are quickly reaching a point where these too can be effectively used to interact with these sensor systems. Mobile devices will act as gateways to the sensors, processing data streams originating from these sensors on-the-fly to assist the user with the tasks at hand. Indeed mobile devices themselves boast a suite of sensing capabilities: accelerometers, cameras, etc. This observation leads us to believe that it is worthwhile to study small embedded sensors and the slightly more powerful mobile handheld devices concomitantly.Software development for embedded and mobile sensor devices has typically been performed with minimal software design and primarily by directly coding on the device. Sensor devices exhibit many of the same properties as embedded real-time systems, e.g., timely response to communication and sensory events. Thus UML standards like MARTE and SysML that are designed the modeling of real-time systems are a good starting point for software modeling for embedded sensor systems. SysML is a general purpose modeling language for systems engineering applications while MARTE is a UML profile that adds capabilities to UML for model-driven development of Real Time and Embedded Systems. Both of these specifications are important for sensor systems but are missing many some modeling capabilities. For example, they cannot model the network and communications component of sensors without some domain specific knowledge.Advances in sensing hardware, computation and storage platforms and communication technologies have given rise to a plethora of sensory devices, ranging from biological sensors for health monitoring, humidity meters and temperature sensors for ecological monitoring, energy consumption sensors for smart homes and data centers, imaging sensors for surveillance and security applications, etc. In an effort to monitor our surroundings and to create the capability to respond to any situations that might arise in our surroundings, such sensors are being deployed at an ever increasing rate by both companies and individuals. A worthy goal is to develop techniques for managing these sensors and for analyzing and monitoring the data streams generated by these sensors. Traditionally, data streams are collected at a central location (typically a laptop/desktop computer) for monitoring, analysis and archiving. Mobile computing platforms are quickly reaching a point where these too can be effectively used to interact with these sensor systems. Mobile devices will act as gateways to the sensors, processing data streams originating from these sensors on-the-fly to assist the user with the tasks at hand. Indeed mobile devices themselves boast a suite of sensing capabilities: accelerometers, cameras, etc. This observation leads us to believe that it is worthwhile to study small embedded sensors and the slightly more powerful mobile handheld devices concomitantly.Software development for embedded and mobile sensor devices has typically been performed with minimal software design and primarily by directly coding on the device. Sensor devices exhibit many of the same properties as embedded real-time systems, e.g., timely response to communication and sensory events. Thus UML standards like MARTE and SysML that are designed the modeling of real-time systems are a good starting point for software modeling for embedded sensor systems. SysML is a general purpose modeling language for systems engineering applications while MARTE is a UML profile that adds capabilities to UML for model-driven development of Real Time and Embedded Systems. Both of these specifications are important for sensor systems but are missing many some modeling capabilities. For example, they cannot model the network and communications component of sensors without some domain specific knowledge.On the other hand software development for mobile devices has been focused more on Internet based applications as opposed a device for sensor data acquisition and processing. In most cases these Internet access applications do not require any real-time performance so many conventional high level languages are sufficient. For sensor data acquisition developers must be aware of the resource constraints of the platform. In that sense mobile devices are a form of an embedded system except it is usually constrained or governed by operator and/or vendor restrictions that have to be accounted for. Model based development should help to improve and test software development for mobile devices but there seems to be very little work in this area.This workshop explored the following topics in order to facilitate software modeling for embedded and mobile sensor system:• Software Modeling of sensor networks• Performance modeling for embedded and real-time systems• Component-based development of reactive systems• Model checking for embedded real-time systems• Protocol state machines for embedded real-time systems• Bridging the semantic gap between the source and target model• Software laboratories for studying and developing smart sensor networkCommercial software modeling tools for embedded and real-time systems have primarily focused on the design and analysis of processes in a single device. When one has to incorporate the gathering of sensory information it is necessary to incorporate models for distributed communications and power management into these existing tools. A significant challenge in the modeling of sensor network systems is the ability to model network delays and network lifetime at a similar layer of abstraction to that used at the software modeling layer. To complicate matters the performance of sensor networks is highly dependent on the physical layout of the sensors implying the need for the integration of network simulators with software modeling tools. John Khalil presented an overview on adaptations required to MARTE and SysML to support the modeling of sensor networks.Quantitative performance analysis of service-oriented systems can be conducted in the early development phases by transforming a UML software model extended with performance annotations into a performance model (such as queueing networks, Petri nets, stochastic process algebra) which can be solved with existing performance analysis tools. The OMG standard MARTE, can be used for adding performance annotations to a given UML model. Dr. Petriu discussed the type of MARTE performance annotations and the principles for transforming annotated software models into performance models. Such a transformation must bridge a large semantic gap between the source and target model for two main reasons: performance models concentrate on resource usage and abstract away many details of the original software model, and the performance model requires platform information which is not contained in the software application model.Interfaces represent abstractions which are supposed to facilitate the correct use of an entity by listing the data and operations that the entity makes available and separating its externally visible parts from the internal ones. Arguably, this notion is one of the great success stories in computer science. Dr. Dingel discussed the potential of protocol state machines (PSMs) for facilitating the model-driven development of component-based systems in general and of reactive systems in particular. Model checking is used for determining the compatibility of a component with respect to interface specifications using PSMs.Virtual worlds can serve as software laboratories for carrying out sensor networks research. Virtual sensor networks can be conveniently deployed in these visually and behaviorally realistic 3D environments for further study and evaluation. These virtual worlds can be used to determine if the software models are functioning as expected. Dr. Qureshi presented examples of the use of virtual worlds as software laboratories. These examples support the unorthodox view that such software laboratories are indispensable for studying large scale embedded and mobile sensor systems.The workshop provided a forum for researchers, students and developers of embedded and mobile sensor systems, from both academia and industry, to discuss the latest innovations and future works in the field. A special session was allocated for position papers and short discussions. The workshop concluded with a panel discussion on the topic of challenges for software modeling for embedded and mobile sensor systems.","IBM Corp.","360–362","Proceedings of the 2011 Conference of the Center for Advanced Studies on Collaborative Research","Toronto, Ontario, Canada","","","","","","Software modeling for embedded and mobile sensor system","10.5555/2093889.2093950"
"","","2006","NLD","","","","","","","","inproceedings","","BackgroundWith the ever increasing complexity of products and customer demands, companies are adopting new strategies to meet the changing technological requirements, shorter product life cycles, and globalization of manufacturing operations. Product design requires more sophisticated procedures and processes and requires designers and engineers possessing different expertise, knowledge and experience to work together. To address these challenges, techniques based on artificial intelligence (AI) are increasingly being used to improve effectiveness and efficiency in the product-design life cycle. Intelligent systems can be beneficially applied to many aspects of design and also design-related tasks at different stages; for example, identifying customer demands and requirements, design and planning, production, delivery, marketing and customer services, etc. Individual intelligent paradigms (such as fuzzy logic, neural network, genetic algorithm, case-based reasoning, and especially expert systems) have been applied to specific stages of the design process (product planning, conceptual design, detailed design). However, increasingly, hybrid solutions that integrate multiple individual intelligent techniques are required to solve complex design problems. The integrated intelligent environment can provide various types of information and knowledge for supporting rapid and intelligent decision-making throughout the entire design process. This is in line with the evolutionary trends of the product design process, from the traditional CAD systems into the knowledge-based engineering and integrated intelligent design systems through a combination of concurrent engineering, collaborative engineering and integrated intelligent techniques.In recent years, with the advancement of artificial intelligence and information science and technology, there has been a resurgence of work in combining individual intelligent paradigms (knowledge-based systems, fuzzy logic, neural networks, genetic algorithms, case-based reasoning, machine learning and knowledge discovery, data mining algorithms, intelligent agents, soft computing, user intelligent interfaces, etc.) into integrated intelligent systems to solve complex problems. Hybridization of different intelligent systems is an innovative approach to constructing computationally intelligent systems consisting of artificial neural networks, fuzzy inference systems, approximate reasoning and derivative-free optimization methods such as evolutionary computation and so on. The integration of different learning and adaptation techniques, to overcome individual limitations and achieve synergetic effects through hybridization or fusion of these techniques, has contributed to a large number of new intelligent system designs. Hybrid intelligent systems are becoming a very important problem-solving methodology affecting researchers and practitioners in areas ranging from science, technology, business and commerce. Integrated intelligent systems are gaining better acceptance in engineering design. The driving force behind this is that integrated intelligence and distributed 3C (collaboration, cooperation, and coordination) allows the capture of human knowledge and the application of it so as to achieve high-quality designs/products. Further motivation arises from steady advances in individual and hybrid intelligent-systems techniques, and the widespread availability of computing resources and communications capability through intranets and the web.There is a need for an edited collection of articles to reflect emerging integrated intelligent technologies and their applications in engineering design. The great breadth and expanding significance of AI and integrated intelligent systems (IIS) fields on the international scene requires a major reference work for an adequately substantive treatment of the subject. It is intended that this work will fulfill this need.The Objective of the BookThis book aims to describe recent findings and emerging techniques that use intelligent systems (particularly integrated and hybrid paradigms) in engineering design, and examples of applications. The goal is to take a snapshot of progress relating to research into systems for supporting design and to disseminate the way in which recent developments in integrated, knowledge-intensive, and computational AI techniques can improve and enhance such support. The selected articles provide an integrated, holistic perspective on this complex set of challenges and provide rigorous research results. The focus of this book is on the integrated intelligent methodologies, frameworks and systems for supporting engineering design activities. The subject pushes the boundaries of the traditional topic of engineering design into new areas.The Target Audience of the BookWe intend this book to be of interest to researchers, graduate students and practicing engineers involved in engineering design and applications using integrated intelligent techniques. In addition, managers and others can use it to obtain an overview of the subject, and gain a view about the applicability of this technology to their business. As AI and intelligent systems technologies are fast evolving, we certainly hope that this book can serve as a useful insight to the readers on the state-of-the-art applications and developments of such techniques at the time of compilation.The Organization of the BookThe chapters provide an integrated, holistic perspective on the complex set of challenges, combined with practical experiences of leading experts in industry. Some of the chapters provide rigorous research results, while others are in-depth reports from the field. All chapters have been rigorously reviewed and carefully edited. There is a logical flow through this book, starting with intelligence foundations, emerging intelligent techniques, frameworks, systems and tools then continuing integrated and hybrid intelligent systems followed by their applications for engineering design. The treatment of the subject in the book can be described as:1) Examines emerging technologies and recent research results on AI and integrated intelligent systems (IIS) in engineering design, including integrated intelligent systems, soft computing, distributed artificial intelligence (DAI), computer-integrated information systems (CIIS), etc.2) Introduces new knowledge-intensive problem-solving strategies and their implementations based on AI and integrated intelligent systems techniques.3) Presents theoretical fundamental principles and implementation technologies as well as engineering design applications and case studies, including, for example, electro-mechanical assemblies and systems, process control system, embedded and mechatronic systems design.This book consists of 20 chapters organized into three thematic sections. An overview of each section and a brief description of the component chapters are presented here.Part I: Intelligence Foundations for Engineering Design. This section, consisting of Chapters 1 to 5, provides the theoretical foundations of specific AI and IIS-based technologies for engineering design, including the principles of directed mutations for evolutionary algorithms, fuzzy logic and many valued logic, swarm intelligence, constraint satisfaction problem, fuzzy set and logic, fuzzy linear programming, Bayesian model, decision tree, uncertainty, etc.Chapter 1, by Stefan Berlik and Bernd Reusch, introduces directed mutation as well as different operators in one single place. Their characteristics such as a multivariate skew distribution as a mutation operator in a covariance matrix adaptation algorithm are presented. An application scenario and experimental results solving a real world optimization task in this scenario are presented to show how evolutionary algorithms and directed mutation can be applied in engineering design.Chapter 2, by Kalle Saastamoinen, studies the properties and usability of basic many valued-structures known as t-norms, t-conorms, implications and equivalences in comparison tasks. It shows how these measures can be aggregated with generalized mean and what kind of measures for comparison can be achieved from this procedure.Chapter 3, by Arun Khosla, Shakti Kumar, K. Aggarwal, and Jagatpreet Singh, reports a swarm intelligence (SI) technique, Particle Swarm Optimization (PSO), which is a robust stochastic evolutionary computation engine. This is emerging as an innovative and powerful computational metaphor for solving complex problems in design, optimization, control, management, business and finance. The focus of this chapter is to present the use of the PSO algorithm for building optimal fuzzy models from the available data in design of the rapid Nickel-Cadmium (Ni-Cd) battery charger.Chapter 4, by Arijit Bhattacharya and Pandian Vasant, outlines an intelligent fuzzy linear programming (FLP) method that uses a flexible logistic membership function (MF) to determine fuzziness patterns at disparate level of satisfaction for theory of constraints (TOC) based product-mix design problems. The fuzzy-sensitivity of the decision has been focused for a bottle-neck-free, optimal product-mix solution of TOC problem.Chapter 5, by Vitaly Schetinin, Jonathan Fieldsend, Derek Partridge, Wojtek, Krzanowski, Richard Everson, Trevor Bailey, and Adolfo Hernandez, proposes a new approach to decision trees (DTs) for the Bayesian Markov Chain Monte Carlo technique to estimate uncertainty of decisions in safety-critical engineering applications. It also proposes a new procedure of selecting a single DT and describes an application scenario.Part II: Techniques, Frameworks, Tools and Standards. This section, containing Chapters 6 to 11, explores techniques, models and frameworks, both current and emerging, and potential architectures for intelligent integrated engineering design.Chapter 6, by Xiang Li, Junhong Zhou, and WenFeng Lu, presents a set of customer requirement discovery methodologies to achieve broad and complex market studies for new products. The proposed approach uses data mining and text mining technologies to discover customer multi-preference and corresponding customer motivation. A prototype system that allows for on-line customer feedback collection, digitization of the language feedbacks, numerical descriptions of customer preferences and customer motivation of a product is developed to demonstrate the feasibility of the proposed methodologies. It is shown that the proposed work could significantly shorten the survey and analysis time for customer preference and is thus expected to help companies to reduce design cycle time for new product design.Chapter 7, by Paulo Gomes, Nuno Seco, Francisco Pereira, Paulo Paiva, Paulo Carreiro, Jos\'{e} Ferreira and Carlos Bento, introduces an approach to reusing the knowledge gathered in the design phase of software development. An intelligent CASE tool using case-based reasoning (CBR) techniques and WordNet is developed to support software design and provide a framework for storage and reuse of design knowledge. This Chapter presents the approach to exploiting a knowledge base and several reasoning mechanisms that reuse the stored knowledge.Chapter 8, by W.D. Li, S.K. Ong, A.Y.C., Nee, L. Ding, and C.A. Mcmahon, proposes and develops three intelligent optimization methods, i.e., Genetic Algorithm (GA), Simulated Annealing (SA) and Tabu Search (TS). These are applied to the solution of intractable decision-making issues in process planning with complex machining constraints. These algorithms can determine the optimal or near-optimal allocation of machining resources and sequence of machining operations for a process plan simultaneously, and a fuzzy logic-based Analytical Hierarchical Process technique is applied to evaluate the satisfaction degree of the machining constraints for the process plan.Chapter 9, by Andrew Feller, Teresa Wu, and Dan Shunk, reviews existing research and industry-based practices relating to collaborative product design (CPD) information systems. An information framework is proposed called the 'Virtual Environment for Product Development' (VE4PD) that is based on the integration of Web services and agent technologies to manage the CPD process. The VE4PD architecture is designed to support CPD functions such as design synchronization, timely notification, distributed control, role based security, support for distributed intelligent agents, and varying design rule standards. An implementation system including intelligent agents for design negotiation is also described that validates the application approach.Chapter 10, by Zhu Fan, Mogens Andreasen, Jiachuan Wang, Erik Goodman, and Lars Hein, proposes an integrated evolutionary engineering design framework that integrates the chromosome model in the domain theory, the evolutionary design, and human interaction. The evolvable chromosome model can help the designer to improve creativity in the design process, suggesting to them unconventional design concepts, and preventing them from looking for solutions only in a reduced solution space. The systematic analytical process to obtain a chromosome model followed by evolutionary design algorithms also helps the designer to have a complete view of design requirements and intentions. Human interaction is integrated to the framework due to the complex and dynamic nature of engineering design. It also helps the designer to accumulate design knowledge and form a design knowledge base. An example of the design of a vibration absorber for a typewriter demonstrates the feasibility of the technique.Chapter 11, by Xuan F. Zha, proposes an integrated intelligent approach and a multi-agent framework for the evaluation of the assemblability and assembly sequence of electro-mechanical assemblies (EMAs). The proposed approach integrates the STEP (STandard for the Exchange of Product model data, officially ISO 10303) based assembly model and XML schema with a fuzzy analytic hierarchy process. Through integration with the STEP-based product modeling agent system, a CAD agent system and assembly planning agent system, the developed assembly evaluation agent system can effectively incorporate, exchange, and share concurrent engineering knowledge into the preliminary design process so as to provide users with suggestions for improving a design and also helping obtain better design ideas.Part III: Applications. Chapters 12 to 20 in this section address the important issue of the ways that integrated intelligent systems are applied in engineering design. Case studies examine a wide variety of application areas including benchmarking and comparative analysis. The basic question is how accumulated data and expertise from engineering and business operations can be abstracted into useful knowledge, and how such knowledge can be applied to support engineering design. In this part of the book, chapters report case studies of innovative actual IIS-ED applications deploying specific AI-based technologies, such as logic rule-based systems, neural networks, fuzzy logic, cased-based reasoning, genetic algorithms, data mining algorithms, intelligent agents, and user intelligent interfaces, among others, and the integrations of these paradigms.Chapter 12, by Sarawut Sujitjorn, Thanatchai Kulworawanichpong, Deacha Puang-downrecong and Kongpan Areerak,presents detailed step-by-step description of an intelligent search algorithm known as 'Adaptive Tabu Search' (ATS). The proof of its convergence and its performance evaluation are illustrated. The chapter demonstrates the effectiveness and usefulness of the ATS through various engineering applications and designs in the following fields: power system, identification, and control.Chapter 13, by Shi-Shang Jang, David Shun-Hill Wong and Junghui Chen, addresses a technique known as 'experimental design' describes The design of new processes in modern competitive markets is mainly empirical because the short life-cycle does not allow the development of first-principle models. A systematic methodology know as 'experimental design', based on statistical data analysis and decision making, is used to optimise the number of experiments and direct process development. However, such methods are unsatisfactory when the number of design variables becomes very large and there are non-linearities in the input-output relationship. The new approach described in this chapter uses artificial neural networks as a meta-model, and a combination of random-search, fuzzy classification, and information theory as the design tool. An information free energy index is developed which balances the needs for resolving the uncertainty of the model and the relevance to finding the optimal design. The procedure involves iterative steps of meta-model construction, designing new experiments using meta-model and actual execution of designed experiments. The effectiveness of this approach is benchmarked using a simple optimization problem. Three industrial examples are presented to illustrate the applicability of the method to a variety of design problem.Chapter 14, by Miki Fukunari and Charles J. Malmborg, proposes computationally efficient cycle time models for Autonomous Vehicle Storage and Retrieval System that use scalable computational procedures for large-scale design conceptualization. Simulation based validation studies suggest that the models produce high accuracy. The procedure is demonstrated for over 4,000 scenarios corresponding to enumeration of the design spaces for a range of sample problems.Chapter 15, by Hirotaka Nakayama, Koichi Inoue and Yukihiro Yoshimori, discusses approximate optimization methods developed using computational intelligence, in which optimization is performed in parallel with the prediction of the form of the objective function. In this chapter, radial basis function networks (RBFN) are employed in predicting the form of objective function, and genetic algorithms (GA) used in searching for the optimal value of the predicted objective function. The effectiveness of the suggested method is shown through some numerical examples along with an application to seismic design in reinforcement of cablestayed bridges.Chapter 16, by Glenn Semmel, Steven R. Davis, Kurt W. Leucht, Daniel A. Rowe, Kevin E. Smith, Ladislau B\""{o}l\""{o}ni, discusses a rule-based telemetry agent used for Space Shuttle ground processing. It presents the problem domain along with design and development considerations such as information modeling, knowledge capture, and the deployment of the product. It also presents ongoing work with other condition monitoring agents.Chapter 17, by Mitun Bhattacharyya, Ashok Kumar, Magdy Bayoumi, proposes two techniques in two different sub areas of Wireless Sensor Networks (WSN) to reduce energy using learning methods. In the first technique, a watch-dog/blackboard mechanism is introduced to reduce query transmissions, and a learning approach is used to determine the query pattern from the cluster head. Once the pattern is learnt, data are automatically sent back even in the absence of queries from the cluster head. In the second technique a learning agent method of profiling the residual energies of sensors within a cluster is proposed.Chapter 18, Juan Vidal, Manuel Lama, and Alberto Bugarin, describes a knowledge-based system approach that combines problem-solving methods, workflow and machine learning technologies for dealing with the furniture estimate task. The system integrates product design in a workflow-oriented solution, and is built over a workflow management system that delegates the execution of activities to a problem-solving layer. An accurate estimation of the manufacturing cost of a custom furniture client order allows competitive prices, better profits adjustment, and increments the client portfolio too.Chapter 19, by Martin B\""{o}hner, Hans Holm Fr\""{u}hauf and Gabriella K\'{o}kai,discusses the suitability of ant colony optimization (ACO) to an employment with blind adaptation of the directional characteristic of antenna array systems. In order to fulfill the hard real time constraints for beam forming in ranges of few milliseconds a very efficient hardware implementation for a highly parallel distributed logic is proposed in this chapter. The application requirements are given because of the high mobility of wireless subscribers in modern telecommunication networks. Such a dynamic alignment of the directional characteristic of a base-station antenna can be achieved with the help of a hardware-based Ant Colony Optimization methodology, by controlling the steering antenna array system parameters as digital phase shifts and amplitude adjustment. By means of extensive simulations it was confirmed that the suggested ACO fulfills the requirements regarding the highly dynamic changes of the environment. Based on these results a concept is presented to integrate the optimizing procedure as high-parallel digital circuit structure in a customized integrated circuit of a reconfigurable gate array.Chapter 20, by Ankur Agarwal, Ravi Shankar, A. S. Pandya, presents the application of genetic algorithms to system level design flow to provide best effort solutions for two specific tasks, viz., performance tradeoff and task partitioning. Multiprocessor system on chip (MpSoC) platform has set a new innovative trend for the system-on-chip (SoC) design. Demanding Quality of Service (QOS) and performance metrics are leading to the adoption of a new design methodology for MpSoC. These will have to be built around highly scalable and reusable architectures that yield high speed at low cost and high energy efficiency for a variety of demanding applications. Designing such a system, in the presence of such aggressive QOS and Performance requirements, is an NP-complete problem.SummaryThere are over 48 coauthors of this notable work and they come from 19 countries. The chapters are clearly written, self-contained, readable and comprehensive with helpful guides including introduction, summary, extensive figures and examples and future trends in the domain with comprehensive reference lists. The discussions in these parts and chapters provide a wealth of practical ideas intended to foster innovation in thought and consequently, in the further development of technology. Together, they comprise a significant and uniquely comprehensive reference source for research workers, practitioners, computer scientists, academics, students, and others on the international scene for years to come.AcknowledgmentThe original intention of this edited book came from the discussion on the proposition to publish a Special Issue on Integrated and Hybrid Intelligent Systems in Product Design and Development in the International Journal of Knowledge-based and Intelligent Engineering Systems (KES) (Bob is Chief Editor of KES). The special issue was out in June 2005. We thought that based on the Special Issue in KES the selected quality papers could be extended into chapters, supplementing with additional chapters and forming the whole into a book that would fit well into the knowledge-based intelligent engineering systems collection of IOS Press. We then started working together in this direction. We were quite excited about this movement and immediately contacted the contributors and spread call for papers. The response from all the contributors was very positive and the proposal for a book was submitted to IOS for evaluation. The good news that the IOS Editorial Committee had approved the publishing of the book was conveyed to us in August 2005. We were overjoyed that the call-for-papers of the Special Issue and chapters had attracted favorable responses from many top researchers in this field. As the original intention was a peer reviewed Special Issue, and all the papers were either in the process of being reviewed or had already gone through the reviewing process, we informed the contributors that the quality of each paper, now each chapter, had followed the same standard of a rigorously peer-reviewed international journal.We are most grateful to the kind cooperation of all the contributors who had promptly responded to all the questions and had followed our requests for additional information. We would also like to thank IOS for giving us this opportunity of publishing this book.Xuan F. (William) Zha, Gaithersburg, MarylandRobert J. (Bob) Howlett, Brighton, UK","IOS Press","i–xiv","Proceedings of the 2006 Conference on Integrated Intelligent Systems for Engineering Design","","","","","1586036750","","Front Matter","10.5555/1565362.1565363"
