"Document Title",Authors,"Author Affiliations","Publication Title",Date Added To Xplore,"Publication Year","Volume","Issue","Start Page","End Page","Abstract","ISSN",ISBNs,"DOI",Funding Information,PDF Link,"Author Keywords","IEEE Terms","Mesh_Terms",Article Citation Count,Patent Citation Count,"Reference Count","License",Online Date,Issue Date,"Meeting Date","Publisher",Document Identifier
"A Framework for Estimating the Impact of a Distributed Software System's Architectural Style on its Energy Consumption","C. Seo; G. Edwards; S. Malek; N. Medvidovic","Computer Science Department, University of Southern California, Los Angeles, CA, U.S.A.; Computer Science Department, University of Southern California, Los Angeles, CA, U.S.A.; Department of Computer Science, George Mason University Fairfax, Fairfax, VA, U.S.A.; Computer Science Department, University of Southern California, Los Angeles, CA, U.S.A.",Seventh Working IEEE/IFIP Conference on Software Architecture (WICSA 2008),"3 Mar 2008","2008","","","277","280","The selection of an architectural style for a given software system is an important factor in satisfying its quality requirements. In battery-powered environments, such as mobile and pervasive systems, efficiency with respect to energy consumption has increasingly been recognized as an important quality attribute. In this paper, we present a framework that (1) facilitates early estimation of the energy consumption induced by an architectural style in a distributed software system, and (2) consequently enables an engineer to use energy consumption estimates along with other quality attributes in determining the most appropriate style for a given distributed application. We have applied the framework on five distributed systems styles to date, and have evaluated it for precision and accuracy using a particular middleware platform that supports the implementation of those styles. In a large number of application scenarios, our framework exhibited excellent precision, in that it was consistently able to correctly rank the five styles and estimate the relative differences in their energy consumptions. Moreover, the framework has also proven to be accurate: its estimates were within 7% of the different style implementations ' actually measured energy consumptions.","","978-0-7695-3092-5","10.1109/WICSA.2008.28","","https://ieeexplore.ieee.org/stamp/stamp.jsp?arnumber=4459169","Architectural styles;energy estimation;component-based distributed systems","Software systems;Energy consumption;Middleware;Software architecture;Application software;Connectors;Power engineering and energy;Energy measurement;Publish-subscribe;Peer to peer computing","","12","","13","IEEE","3 Mar 2008","","","IEEE","IEEE Conferences"
"Dashboard system for measuring green software design","N. C. Pa; F. Karim; S. Hassan","Dept. of Software Engineering and Information Technology, Universiti Putra Malaysia, Selangor, Malaysia; Dept. of Software Engineering and Information Technology, Universiti Putra Malaysia, Selangor, Malaysia; Dept. of Software Engineering and Information Technology, Universiti Putra Malaysia, Selangor, Malaysia",2017 3rd International Conference on Science in Information Technology (ICSITech),"15 Jan 2018","2017","","","325","329","Global ICT industry is claimed to account for approximately 2 percent of global carbon dioxide which is a figure equivalent to the aviation industry. This is due to lack of awareness to reduce the environmental impact of ICT products and services by the ICT industry practitioners. Therefore, we proposed a GreenDash system, a web-based dashboard that provides a platform for software developers to measure green software design. Software developers capable to calculate sustainability of green software design based on the four components of Information System (IS): database, hardware, people and network. GreenDash System helps to assist software developers to ensure that they considered about green software in designing software product and services.","","978-1-5090-5866-2","10.1109/ICSITech.2017.8257133","","https://ieeexplore.ieee.org/stamp/stamp.jsp?arnumber=8257133","green software design;dashboard system;green design","Green products;Hardware;Air pollution;Energy measurement;Software design","","3","","11","IEEE","15 Jan 2018","","","IEEE","IEEE Conferences"
"Power consumption aware software architecture for M-health applications with adaptive security of network protocols","V. Ciric; J. Zlatanovic; E. Milovanovic; N. Stojanovic","Faculty of Electronic Engineering, University of Nis, Nis, Serbia; Nissatech Innovation Centre d.o.o., Nis, Serbia; Faculty of Electronic Engineering, University of Nis, Nis, Serbia; Nissatech Innovation Centre d.o.o., Nis, Serbia","2015 12th International Conference on Telecommunication in Modern Satellite, Cable and Broadcasting Services (TELSIKS)","17 Dec 2015","2015","","","297","300","The goal of this paper is development of software architecture for mobile devices, which is able to trade-off between security levels and power consumption. The analysis of the influence of different security protocols on power consumption is given. The proposed architecture is described in detail. Three different security levels with corresponding cipher suites are proposed: low, medium and high. The architecture is implemented on Android platform. The difference in power consumptions of the cipher suites in high and low security/power profiles is around 8.2% for WiFi, and 9.6% for 3G network. In order to further reduce the power consumption during network communication, the delay between sending two successive packets is analyzed. The proposed architecture is capable of stalling packets and sending them in burst-mode, letting the network interface to stay in low-power mode for a longer period of time. The power consumption in this mode is reduced for additional 25%.","","978-1-4673-7516-0","10.1109/TELSKS.2015.7357791","","https://ieeexplore.ieee.org/stamp/stamp.jsp?arnumber=7357791","Mobile applications;security protocols;battery life;power consumption","Ciphers","","","","12","IEEE","17 Dec 2015","","","IEEE","IEEE Conferences"
"The software design of energy efficiency data acquisition and management of operational ships","Q. Yin; W. Yang; K. Ding; M. Huang","School of Energy and Power Engineering, Wuhan University of Technology, Wuhan, China; School of Energy and Power Engineering, Wuhan University of Technology, Wuhan, China; School of Energy and Power Engineering, Wuhan University of Technology, Wuhan, China; School of Energy and Power Engineering, Wuhan University of Technology, Wuhan, China",2017 4th International Conference on Transportation Information and Safety (ICTIS),"21 Sep 2017","2017","","","722","726","The effective acquisition and statistics of the energy efficiency data of operational ships are of great importance to accurately know the energy efficiency level and emission of the ship for the Ship Management Administration. It is also needed for making the policy of energy saving and emission reduction. The energy efficiency data acquisition and management software is developed based on the above situation. The data, which is the essential part of the software, is determined by making investigations of the ships, shipping companies and the Maritime Safety Administration. And the acquisition methods of the ship fuel consumption, mileage and cargo data are mainly studied. Finally, the general framework, the database framework, and function as well as the main interfaces of the software are designed aiming at the various demands of the users. And this software is developed by using the Microsoft Visual Studio 2013 and the Active Server Page.net. The test results of the software show that the software has the following functions: (1) Collecting, inputting and inquiring the efficiency data of the operational ships can be finished; (2) The energy efficiency of the single and multi-voyages can be calculated and analyzed; (3) The energy efficiency of different ships, shipping routes, shipping companies, main engines, ship design companies and the Marine Check Organization can be analyzed and compared; (4) The annual report of ship energy efficiency can be generated automatically.","","978-1-5386-0437-3","10.1109/ICTIS.2017.8047847","","https://ieeexplore.ieee.org/stamp/stamp.jsp?arnumber=8047847","Operational ships;Energy saving and emission reduction;Energy efficiency;Data acquisition;Data analysis","Energy efficiency;Marine vehicles;Companies;Information management;Navigation;Software;Fuels","","4","","6","IEEE","21 Sep 2017","","","IEEE","IEEE Conferences"
"Automatically Assessing Software Architecture Compliance With Green Software Patterns","N. Ahuja; Y. Feng; L. Li; A. Malik; T. Sivayoganathan; N. Balani; S. Rakhunathan; F. Sarro","University College London, London, United Kingdom; University College London, London, United Kingdom; University College London, London, United Kingdom; University College London, London, United Kingdom; University College London, London, United Kingdom; Accenture, Mumbai, India; Microsoft, Hyderabad, India; University College London, London, United Kingdom",2025 IEEE/ACM 9th International Workshop on Green and Sustainable Software (GREENS),"19 Jun 2025","2025","","","68","75","With increasing awareness of climate change, there is a growing emphasis on the environmental impact of digital solutions. While numerous tools are available to assess software environmental footprint post-development, few focus on sustainability during the software design phase. To address this gap, we propose EcoDocSense, a framework that supports engineers to evaluate the sustainability of a software design at design time. Using Large Language Models fine-tuned on a catalog of green software patterns, EcoDocSense analyzes software architecture documents to generate sustainability reports, assessing alignment with green software practices to minimize carbon emissions and recommending improvements. As one of the first frameworks targeting sustainability at the design stage, EcoDocSense represents a significant advancement, though opportunities remain for further enhancement. In future, we plan to extend EcoDocSense’s applicability to a variety of architectural types and documents as well as to provide the capability to estimate carbon emissions.","2473-1161","979-8-3315-3815-6","10.1109/GREENS66463.2025.00015","","https://ieeexplore.ieee.org/stamp/stamp.jsp?arnumber=11039296","Sustainable Software Architecture;Green Software Patterns;Green Software Development","Climate change;Sustainable development;Software architecture;Green computing;Software development management;Sustainable development;Ecodesign","","","","43","IEEE","19 Jun 2025","","","IEEE","IEEE Conferences"
"ETSTM: A New Green Software Model","G. Hou; K. Zhou; Y. Wu; Z. Chi; J. Wang; M. Li","School of Software Technology, Dalian University of Technology, Dalian, China; School of Software Technology, Dalian University of Technology, Dalian, China; School of Software Technology, Dalian University of Technology, Dalian, China; School of Software Technology, Dalian University of Technology, Dalian, China; School of Software Technology, Dalian University of Technology, Dalian, China; School of Software Technology, Dalian University of Technology, Dalian, China",2016 IEEE Trustcom/BigDataSE/ISPA,"9 Feb 2017","2016","","","1825","1830","In green computing, the green evaluation of complex software system is an important research topic. Its task is to determine whether the software system meets the performance design constraints, such as time or energy consumption, under the premise of the function correctness. In software design phase, if the model based detection technology is used to do the green evaluation for software design, the redesign of software because the green indicator does not meet the design constraints can be avoided. Based on above ideas, we propose Energy Consumption Time State Transition Matrix(ETSTM) as the green software model, which can effectively model software logic, time and energy consumption. Through this way, we can realize the integration of software logic function and performance in one model. Then we put forward the maximum and minimum energy consumption path algorithm, and energy consumption analysis method under the constraint of multiple properties, which can provide theoretical support and technical means for model-based software green evaluation. At last, by modeling and verifying software of an intelligent sweeping robot based on ETSTM, the effectiveness of above method is proved.","2324-9013","978-1-5090-3205-1","10.1109/TrustCom.2016.0280","","https://ieeexplore.ieee.org/stamp/stamp.jsp?arnumber=7847163","green evaluation;ETSTM;energy consumption analysis;green software model","Energy consumption;Software;Algorithm design and analysis;Analytical models;Computational modeling;Model checking;Software algorithms","","1","","13","IEEE","9 Feb 2017","","","IEEE","IEEE Conferences"
"Investigating the Impact of Software Design Patterns on Energy Consumption","A. Noureddine; O. Le Goaer","E2S UPPA, LIUPPA, Universite de Pau et des Pays de l’Adour, France; E2S UPPA, LIUPPA, Universite de Pau et des Pays de l’Adour, France",2025 IEEE 22nd International Conference on Software Architecture (ICSA),"30 Apr 2025","2025","","","153","163","GoF’s design patterns are popular structures designed for flexible and reusable object-oriented software. However, their energy impact is not well understood, with contradictory existing results. In this paper, we aim to answer the relation between design patterns and energy consumption through a multi-platform and multi-software stack empirical study, covering all design patterns, and multiple hardware, OS, languages and compilers. We found, with a high confidence level, that none of the GoF’s design patterns has a significant impact on energy consumption. Therefore, they can be considered energy-neutral, allowing eco-friendly developers to continue using them. We argue that software energy efficiency should rather be considered within the business logic embedded by a design pattern, and ultimately raised to a higher perspective of software development.","2835-7043","979-8-3315-2090-8","10.1109/ICSA65012.2025.00024","","https://ieeexplore.ieee.org/stamp/stamp.jsp?arnumber=10978939","Energy;Power;Design Patterns;Empirical Study;Replication Study;Software Engineering","Energy consumption;Software design;Software architecture;Operating systems;Full stack;Programming;Software;Hardware;Software development management;Business","","","","35","IEEE","30 Apr 2025","","","IEEE","IEEE Conferences"
"Understanding the impact of object oriented programming and design patterns on energy efficiency","S. Maleki; C. Fu; A. Banotra; Z. Zong","Dept. of Computer Scienc, University of Texas at Austin, Austin, TX, USA; School of Computer Science and Engineering, Beihang University, Beijing, China; Dept. of Computer Scienc, Texas State University, San Marcos, TX, USA; Dept. of Computer Scienc, Texas State University, San Marcos, TX, USA",2017 Eighth International Green and Sustainable Computing Conference (IGSC),"26 Mar 2018","2017","","","1","6","With billions of lines of code being deployed and running on cloud servers, PCs, as well as battery-driven mobile phones, embedded systems, and IoT devices, software energy efficiency will play an increasingly important role in green IT. In the past decades, object oriented programming (OOP) has become the de facto standard for commercial software design. However, very little is known about the impact of OOP and design patterns on software energy efficiency. In this paper, we conduct an empirical study on a series of OOP features and design patterns and find out that their influences on performance and energy efficiency vary greatly. Some of them have negligible impact while others could degrade performance and increase energy consumption. If used appropriately, design patterns can also help improve performance and reduce energy consumption.","","978-1-5386-3470-7","10.1109/IGCC.2017.8323605","","https://ieeexplore.ieee.org/stamp/stamp.jsp?arnumber=8323605","Object-Oriented Programming;Energy-Efficiency;Design Patterns;Performance","Energy efficiency;Software;Energy consumption;Conferences;Sustainable development;Object oriented programming;Servers","","18","","29","IEEE","26 Mar 2018","","","IEEE","IEEE Conferences"
"Balancing power consumption and reliability in the embedded systems software design","F. Vargas; C. A. Rocha; B. Pianta","Electrical Engineering Department, Catholic University of Rio Grande do Sul, Porto Alegre, Brazil; Electrical Engineering Department, Catholic University of Rio Grande do Sul, Porto Alegre, Brazil; Electrical Engineering Department, Catholic University of Rio Grande do Sul, Porto Alegre, Brazil","2010 Argentine School of Micro-Nanoelectronics, Technology and Applications (EAMTA)","21 Oct 2010","2010","","","94","96","We propose a new approach, namely Optimized Embedded Signature Monitoring (OESM) to perform on-line control-flow fault detection. The underlined advantage of this approach is the ability to perform a profiling algorithm that analyses the control-flow graph of user program in order to optimize the number of checkpoints (i.e., signatures) to be inserted along with the application code. By optimization, we mean to find, for a given application, the best trade-off between the minimum number of signatures to be inserted in the code, for the maximum fault detection coverage, with the minimum impact in terms of power increase. The embedded signatures are checked at runtime by the processor against compilation-time pre-computed values every time the processor reaches these signature points.","","978-1-4244-6747-1","","","https://ieeexplore.ieee.org/stamp/stamp.jsp?arnumber=5606368","","Software;Power demand;Reliability;Instruments;Monitoring;Radiation detectors;Fault detection","","","","19","","21 Oct 2010","","","IEEE","IEEE Conferences"
"Investigating the impacts of web servers on web application energy usage","I. Manotas; C. Sahin; J. Clause; L. Pollock; K. Winbladh","Electrical and Computer Engineering Department, University of Delaware, USA; Computer and Information Science Department, University of Delaware, USA; Computer and Information Science Department, University of Delaware, USA; Computer and Information Science Department, University of Delaware, USA; Electrical and Computer Engineering Department, University of Delaware, USA",2013 2nd International Workshop on Green and Sustainable Software (GREENS),"23 Sep 2013","2013","","","16","23","Software engineers make decisions about the design of the software they are creating on a daily basis. These decisions may impact the application in terms of efficiency, usability, flexibility, etc. Different competing design decisions are therefore often evaluated in terms of their projected impact on quality metrics prior to implementation. Recently energy has become a concern for software systems, ranging from mobile devices to large data centers. Additionally, it has been recognized that the software executing on a computing device can have a significant impact on the device's energy consumption. This raises the obvious question of whether or not it is possible to reduce the energy consumption of a software system by the means of software design decisions. This work examines how the use of different servers impacts the energy consumption of a web application. Through a controlled empirical experiment we have discovered several important findings in this regard. The results indicate that the energy consumption of a web application can vary greatly depending on the web server used to handle its requests. Furthermore, different web servers are more or less energy efficient depending on which web application features are being executed. The paper details an analysis of the results of the experiment.","","978-1-4673-6267-2","10.1109/GREENS.2013.6606417","","https://ieeexplore.ieee.org/stamp/stamp.jsp?arnumber=6606417","Energy usage;Web applications;empirical studies","Web servers;Energy consumption;Calendars;Context;Browsers","","9","","20","IEEE","23 Sep 2013","","","IEEE","IEEE Conferences"
"The analysis of impact of energy efficiency requirements on programming environments","J. Shalf","Lawrence Berkeley National Laboratory, USA","2012 SC Companion: High Performance Computing, Networking Storage and Analysis","11 Apr 2013","2012","","","920","941","Our underlying machine model has presumed modest growth in parallelism, adherence to Amdahl ratios for speeds-and-feeds, weak-scaling for parallelism, uniform distance between processing elements within a node and between nodes in a system, and conservation of the all-important FLOP in our algorithm and software design. However, the new reality is that parallelism (particularly on-chip) is growing exponentially, bandwidth and memory capacity are increasingly scarce and force us towards strong-scaling, distance as measured by power and performance is increasingly non-uniform at all levels of the machine, and flops are now heavily discounted to the point that wasting any other resource to save a few flops is a losing proposition. The enormous mismatch between our ability to express concepts of locality and implicit parallelism in existing programming models subjects our codes to huge inefficiencies and reduced portability. Future programming models need to be designed to accommodate the first derivative of these emerging hardware trends (exponential parallelism growth, non-uniformity, SIMD width growth, and bandwidth conservation). The talk will discuss the evolution of this mismatch between hardware and abstract machine models, and discuss a path to develop hardware constructs that enable more efficient implementation of core programming model semantics (example PGAS-on-chip, fast global reduction networks). We can also explore software constructs that better reflect the real costs and layout of an algorithm onto the underlying machine architecture (example hierarchical data layout directives and programmable iteration spaces).","","978-0-7695-4956-9","10.1109/SC.Companion.2012.121","","https://ieeexplore.ieee.org/stamp/stamp.jsp?arnumber=6495903","HPC;energy efficiency;manycore;data;exascale;programming models","Costs;Computer architecture;Codes;Wires;Topology;Programming environments;Programming;Network topology;Reflection;Photonics","","","","0","IEEE","11 Apr 2013","","","IEEE","IEEE Conferences"
"Analysis of Architectural solutions Impact on Energy Consumption: Graph-Based Analysis","B. Khil; A. Khalfallah; S. B. Ahmed","Computer Sciences department, Faculty of Mathematical, Physical and Natural Sciences of Tunis, Tunis, Tunisia; Software Engineering department, Higher Institute of Computer Science, Ariana, Tunisia; Computer Sciences department, Faculty of Mathematical, Physical and Natural Sciences of Tunis, Tunis, Tunisia",2020 International Wireless Communications and Mobile Computing (IWCMC),"27 Jul 2020","2020","","","641","648","The prevalence of mobile computing platforms and the Internet of Things applications has triggered a quest to evolve energy-efficient software systems. Thus, addressing energy efficiency at the architectural level is a booming topic of interest. By this paper, we aim to propose an energy-driven architecture that encloses the most relevant artifacts tackled throughout the software design to analyze energy consumption. Our approach combines the meta-modeling and the graph transformations to formalize the understudied system and to survey the energy consumption. The energy consumption analysis is held on different alternative solutions of software architecture in a precocious stage for design more energy-efficient applications.","2376-6506","978-1-7281-3129-0","10.1109/IWCMC48107.2020.9148211","","https://ieeexplore.ieee.org/stamp/stamp.jsp?arnumber=9148211","software architecture;energy consumption;Internet of Things;graph transformation","Energy consumption;Task analysis;Computer architecture;Software architecture;Connectors;Software systems","","","","39","IEEE","27 Jul 2020","","","IEEE","IEEE Conferences"
"Software Design Decisions for Greener Machine Learning-based Systems","S. Del Rey","Universitat Politècnica de Catalunya, Barcelona, Spain",2024 IEEE/ACM 3rd International Conference on AI Engineering – Software Engineering for AI (CAIN),"18 Jun 2024","2024","","","256","258","The widespread integration of Machine Learning (ML) in software systems has brought forth unprecedented advancements, yet the surge in energy consumption raises ecological concerns. This research addresses the environmental impact of ML development, focusing on the energy implications of design decisions in ML-based systems. This thesis aims to offer insights into the energy consumption patterns influenced by deployment architecture and training environment. Different case studies on ML-based systems will be conducted to validate and demonstrate the implications of these design choices. The expected outcomes encompass actionable insights, validated through rigorous evaluations, and the development of an energy prediction tool for ML-based system development, to help in the decision-making process. This work contributes to the broader field of Green AI by addressing a critical gap and guiding the transition towards a more sustainable AI landscape.CCS CONCEPTS• Software and its engineering, • Hardware → Impact on the environment, • Computing methodologies → Machine learning;","","979-8-4007-0591-5","","BD; ","https://ieeexplore.ieee.org/stamp/stamp.jsp?arnumber=10556072","Green AI;energy efficiency;software engineering;sustainable computing","Training;Energy consumption;Software design;Green products;Focusing;Machine learning;Software systems","","","","19","","18 Jun 2024","","","IEEE","IEEE Conferences"
"Estimating the Impact of Architectural and Software Design Choices on Dynamic Allocation of Heterogeneous Memories","T. Delizy; S. Gros; K. Marquet; M. Moy; T. Risset; G. Salagnac","Univ Lyon, Inria, Villeurbanne, France; eVaderis, Montbonnot, France; Univ Lyon, Inria, Villeurbanne, France; Univ Lyon, LIP, Lyon, France; Univ Lyon, Inria, Villeurbanne, France; Univ Lyon, Inria, Villeurbanne, France",2018 International Symposium on Rapid System Prototyping (RSP),"3 Feb 2019","2018","","","15","21","Reducing energy consumption is a key challenge to the realization of the Internet of Things. While emerging memory technologies may offer power reduction, they come with major drawbacks such as high latency or limited endurance. As a result, system designers tend to juxtapose several memory technologies on the same chip. This paper studies the interactions between dynamic memory allocation and architectural choices regarding this heterogeneity. We provide cycle accurate simulations of embedded platforms with various memory technologies and we show that different dynamic allocation strategies have a major impact on performance. We demonstrate that interesting performance gains can be achieved even for a low fraction of heap objects in fast memory, but only with a clever data placement strategy between memory banks.","2150-5519","978-1-5386-7557-1","10.1109/RSP.2018.8631994","","https://ieeexplore.ieee.org/stamp/stamp.jsp?arnumber=8631994","","Resource management;Random access memory;Nonvolatile memory;Dynamic scheduling;Memory management;Software;Hardware","","","","30","IEEE","3 Feb 2019","","","IEEE","IEEE Conferences"
"Optimising Energy Consumption of Design Patterns","A. Noureddine; A. Rajan","School of Informatics, The University of Edinburgh; School of Informatics, The University of Edinburgh",2015 IEEE/ACM 37th IEEE International Conference on Software Engineering,"17 Aug 2015","2015","2","","623","626","Software design patterns are widely used in software engineering to enhance productivity and maintainability.However, recent empirical studies revealed the high energy overhead in these patterns. Our vision is to automatically detect and transform design patterns during compilation for better energy efficiency without impacting existing coding practices. In this paper, we propose compiler transformations for two design patterns, Observer and Decorator, and perform an initial evaluation of their energy efficiency.","1558-1225","978-1-4799-1934-5","10.1109/ICSE.2015.208","","https://ieeexplore.ieee.org/stamp/stamp.jsp?arnumber=7203028","","Observers;Energy consumption;Optimization;Software;Computers;Transforms;Software engineering","","34","","20","IEEE","17 Aug 2015","","","IEEE","IEEE Conferences"
"Removing Decorator to Improve Energy Efficiency","D. Connolly Bree; M. Ó. Cinnéide","School of Computer Science, University College Dublin, Dublin, Ireland; School of Computer Science, University College Dublin, Dublin, Ireland","2022 IEEE International Conference on Software Analysis, Evolution and Reengineering (SANER)","21 Jul 2022","2022","","","902","912","With growing concerns regarding climate change and rising energy costs, there is an increased focus on improving the energy efficiency of software. One relevant avenue of research is the transformation of software designs in order to increase efficiency and reduce energy consumption. Design Patterns are of interest here as the indirection they introduce is likely to have a detrimental effect on energy consumption. In this paper we report on our investigations into the impact on energy consumption of the Decorator pattern, which is a structural design pattern used to enable additional behaviour to be attached to an individual component dynamically. Application of this pattern improves the maintainability of software at the cost of increased indirection and redundancy, which may reduce energy efficiency. In this paper we explore features of the Decorator pattern that impact on its systematic removal, with a future goal of removing this pattern using automated refactoring. We subsequently examine experimentally the Decorator pattern's impact on energy consumption in Java and find its implementation results in an increased number of instantiated objects and method invocations at run-time. The removal of the pattern can result in up to a 96% reduction in energy consumption in a best-case scenario with a textbook example, and up to a 5% reduction in energy consumption in an open-source project with a case study examining JUnit, a popular unit testing framework for Java. These results demonstrate the energy savings achievable with the removal of Decorator pattern instances and open the way for similar investigations of other design patterns.","1534-5351","978-1-6654-3786-8","10.1109/SANER53432.2022.00108","Irish Research Council(grant numbers:GOIPG/2019/3779); ","https://ieeexplore.ieee.org/stamp/stamp.jsp?arnumber=9825873","Design Patterns;Decorator Pattern;Green Technology;Energy Efficiency;Refactoring;Software Transformation;Software Design;Object-Oriented Programming","Energy consumption;Java;Costs;Systematics;Software design;Redundancy;Climate change;Energy efficiency;Object oriented programming","","5","","44","IEEE","21 Jul 2022","","","IEEE","IEEE Conferences"
"Energy Efficiency of ROS Nodes in Different Languages: Publisher-Subscriber Case Studies","M. Albonico; P. J. Varela; A. J. Rohling; A. Wortmann","Paraná (UTFPR), Federal University of Technology, Francisco Beltrão, Brazil; Paraná (UTFPR), Federal University of Technology, Francisco Beltrão, Brazil; Paraná (UTFPR), Federal University of Technology, Francisco Beltrão, Brazil; Institute for Control Engineering of Machine Tools and Manufacturing Units (ISW), University of Stuttgart, Germany",2024 IEEE/ACM 6th International Workshop on Robotics Software Engineering (RoSE),"28 Aug 2024","2024","","","1","8","The Robot Operating System (ROS) is a de facto standard for programming robotic systems. It currently provides well-established client libraries for two major languages: $\mathrm{C}++$ and Python. Different programming languages are known for their different abstraction levels, and as a consequence, their resource usage, including energy consumption. With energy efficiency being recurrently a quality requirement, it is important to understand how programming in those two languages may affect the energy consumption of robotic systems. In this study, we analyze the impact on energy consumption when programming ROS nodes in those two main supported languages. We design and conduct an empirical experiment on ROS 2 nodes implemented in C++ and Python for simple and well-documented topic-based examples. We statistically assess to what extent energy consumption is affected by language choice, where nodes programmed in $\mathrm{C}++$ presented a consistently better energy efficiency. A deeper analysis of the measured variables indicates that the energy efficiency difference between the two client libraries is closely related to the underlying architecture.CCS CONCEPTS• Software and its engineering → Software design tradeoffs; • Computer systems organization → Robotics; • Hardware → Impact on the environment.","","979-8-4007-0566-3","","","https://ieeexplore.ieee.org/stamp/stamp.jsp?arnumber=10647162","ROS;Programming Languages;Energy Efficiency;Robotic;Green Software","Energy consumption;Standards organizations;Programming;Energy efficiency;Libraries;Software;Software measurement","","","","26","","28 Aug 2024","","","IEEE","IEEE Conferences"
"System architecture and software design for Electric Vehicles","M. Lukasiewycz; S. Steinhorst; S. Andalam; F. Sagstetter; P. Waszecki; W. Chang; M. Kauer; P. Mundhenk; S. Shanker; S. A. Fahmy; S. Chakraborty","TUM CREATE, Singapore; TUM CREATE, Singapore; TUM CREATE, Singapore; TUM CREATE, Singapore; TUM CREATE, Singapore; TUM CREATE, Singapore; TUM CREATE, Singapore; TUM CREATE, Singapore; Nanyang Technological University, Singapore; Nanyang Technological University, Singapore; Technical University of Munich, Germany",2013 50th ACM/EDAC/IEEE Design Automation Conference (DAC),"18 Jul 2013","2013","","","1","6","This paper gives an overview of the system architecture and software design challenges for Electric Vehicles (EVs). First, we introduce the EV-specific components and their control, considering the battery, electric motor, and electric powertrain. Moreover, technologies that will help to advance safety and energy efficiency of EVs such as drive-by-wire and information systems are discussed. Regarding the system architecture, we present challenges in the domain of communication and computation platforms. A paradigm shift towards time-triggered in-vehicle communication systems becomes inevitable for the sake of determinism, making the introduction of new bus systems and protocols necessary. At the same time, novel computational devices promise high processing power at low cost which will make a reduction in the number of Electronic Control Units (ECUs) possible. As a result, the software design has to be performed in a holistic manner, considering the controlled component while transparently abstracting the underlying hardware architecture. For this purpose, we show how middleware and verification techniques can help to reduce the design and test complexity. At the same time, with the growing connectivity of EVs, security has to become a major design objective, considering possible threats and a security-aware design as discussed in this paper.","0738-100X","978-1-4503-2071-9","10.1145/2463209.2488852","","https://ieeexplore.ieee.org/stamp/stamp.jsp?arnumber=6560688","Electric Vehicle;Software Design;System Architecture","Batteries;Computer architecture;Vehicles;Software design;Hardware;Protocols;Electric motors","","25","","37","","18 Jul 2013","","","IEEE","IEEE Conferences"
"Software power optimization: Analysis and optimization for energy-efficient software","M. R. Sabharwal","Software Solution Group, Intel Corporation, Folsom, USA",IEEE/ACM International Symposium on Low Power Electronics and Design,"22 Aug 2011","2011","","","63","64","Software is increasingly becoming a central issue in low power consumer based system. The amount of energy consumed by software has severe battery impact on the system. Minimizing power consumption is one of the primary challenges that today's developers faces due to lack of instrumentation functionality in the system. This tutorial will cover different prospect of energy usage and energy aware software design in system ranging from notebooks to smartphones/tablets. This tutorial will give special importance on the role of idle software in attain overall system energy efficiency. In Summary, this tutorial will give overview of software impact on hardware, quantify the impact and fix the issues in applications to extend the battery life.","","978-1-61284-660-6","10.1109/ISLPED.2011.5993607","","https://ieeexplore.ieee.org/stamp/stamp.jsp?arnumber=5993607","software optimization;power optimization;energy aware computing","Batteries;Software;Tutorials;Hardware;Optimization;Power demand;Media","","5","","5","IEEE","22 Aug 2011","","","IEEE","IEEE Conferences"
"A simulation framework for energy-consumption analysis of OS-driven embedded applications","T. K. Tan; A. Raghunathan; N. K. Jha","Department of Electrical Engineering, Princeton University, NJ, USA; NEC Laboratories of America, Inc., Princeton, NJ, USA; Department of Electrical Engineering, Princeton University, NJ, USA",IEEE Transactions on Computer-Aided Design of Integrated Circuits and Systems,"4 Sep 2003","2003","22","9","1284","1294","Energy consumption has become a major focus in the design of embedded systems (e.g., mobile computing and wireless communication devices). In particular, a shift of emphasis from hardware-oriented low-energy design techniques to energy-efficient embedded software design has occurred progressively in the past few years. To that end, various techniques have been developed for the design of energy-efficient embedded software. In operating system (OS)-driven embedded systems, the OS has a significant impact on the system's energy consumption directly (energy consumption associated with the execution of the OS functions and services), as well as indirectly (interaction of the OS with the application software). As a first step toward designing energy-efficient OS-based embedded systems, it is important to analyze the energy consumption of embedded software by taking the OS energy characteristics into account. To facilitate such studies, we present, in this work, an energy simulation framework that can be used to analyze the energy consumption characteristics of an embedded system featuring the embedded Linux OS running on the StrongARM processor. The framework allows software designers to study the energy consumption of the system software in relation to the application software, identify the energy hot spots, and perform design changes based on the knowledge of the OS energy consumption characteristics as well as application-OS interactions.","1937-4151","","10.1109/TCAD.2003.816207","","https://ieeexplore.ieee.org/stamp/stamp.jsp?arnumber=1225819","","Analytical models;Energy consumption;Embedded system;Application software;Energy efficiency;Embedded software;Software design;Computational modeling;Mobile computing;Embedded computing","","11","3","34","IEEE","4 Sep 2003","","","IEEE","IEEE Journals"
"A Survey: Collaborative Hardware and Software Design in the Era of Large Language Models","C. Guo; F. Cheng; Z. Du; J. Kiessling; J. Ku; S. Li; Z. Li; M. Ma; T. Molom-Ochir; B. Morris; H. Shan; J. Sun; Y. Wang; C. Wei; X. Wu; Y. Wu; H. F. Yang; J. Zhang; J. Zhang; Q. Zheng; G. Zhou; H. Li; Y. Chen","Department of Electrical and Computer Engineering, Duke University, Durham, NC, USA; Department of Electrical and Computer Engineering, Duke University, Durham, NC, USA; Department of Electrical and Computer Engineering, Duke University, Durham, NC, USA; Department of Electrical and Computer Engineering, Duke University, Durham, NC, USA; Department of Electrical and Computer Engineering, Duke University, Durham, NC, USA; Department of Electrical and Computer Engineering, Duke University, Durham, NC, USA; Department of Electrical and Computer Engineering, Duke University, Durham, NC, USA; Department of Electrical and Computer Engineering, Duke University, Durham, NC, USA; Department of Electrical and Computer Engineering, Duke University, Durham, NC, USA; Department of Electrical and Computer Engineering, Duke University, Durham, NC, USA; Department of Electrical and Computer Engineering, Duke University, Durham, NC, USA; Department of Electrical and Computer Engineering, Duke University, Durham, NC, USA; Department of Electrical and Computer Engineering, Duke University, Durham, NC, USA; Department of Electrical and Computer Engineering, Duke University, Durham, NC, USA; Department of Electrical and Computer Engineering, Duke University, Durham, NC, USA; Department of Electrical and Computer Engineering, Duke University, Durham, NC, USA; Department of Electrical and Computer Engineering, Duke University, Durham, NC, USA; Department of Electrical and Computer Engineering, Duke University, Durham, NC, USA; Department of Electrical and Computer Engineering, Duke University, Durham, NC, USA; Department of Electrical and Computer Engineering, Duke University, Durham, NC, USA; Department of Electrical and Computer Engineering, Duke University, Durham, NC, USA; Department of Electrical and Computer Engineering, Duke University, Durham, NC, USA; Department of Electrical and Computer Engineering, Duke University, Durham, NC, USA",IEEE Circuits and Systems Magazine,"6 Feb 2025","2025","25","1","35","57","The rapid development of large language models (LLMs) has significantly transformed the field of artificial intelligence, demonstrating remarkable capabilities in natural language processing and moving towards multi-modal functionality. These models are increasingly integrated into diverse applications, impacting both research and industry. However, their development and deployment present substantial challenges, including the need for extensive computational resources, high energy consumption, and complex software optimizations. Unlike traditional deep learning systems, LLMs require unique optimization strategies for training and inference, focusing on system-level efficiency. This paper surveys hardware and software co-design approaches specifically tailored to address the unique characteristics and constraints of large language models. This survey analyzes the challenges and impacts of LLMs on hardware and algorithm research, exploring algorithm optimization, hardware design, and system-level innovations. It aims to provide a comprehensive understanding of the trade-offs and considerations in LLM-centric computing systems, guiding future advancements in AI. Finally, we summarize the existing efforts in this space and outline future directions toward realizing production-grade co-design methodologies for the next generation of large language models and AI systems.","1558-0830","","10.1109/MCAS.2024.3476008","","https://ieeexplore.ieee.org/stamp/stamp.jsp?arnumber=10876858","Large language model;hardware-software co-design","Large language models;Artificial intelligence;Natural language processing;Multimodal sensors;Energy consumption;Deep learning;Training;Hardware design languages;Algorithm design and analysis;Software algorithms;Inference algorithms;Next generation networking;Collaborative software","","5","","221","IEEE","6 Feb 2025","","","IEEE","IEEE Magazines"
"Efficient Software Architecture for IPSec Acceleration Using a Programmable Security Processor","J. Thoguluva; A. Raghunathan; S. T. Chakradhar","NEC Laboratories of America, Inc., Princeton, NJ, USA; NEC Laboratories of America, Inc., Princeton, NJ, USA; NEC Laboratories of America, Inc., Princeton, NJ, USA","2008 Design, Automation and Test in Europe","11 Apr 2008","2008","","","1148","1153","Cryptographic accelerators and security processors are often used in embedded systems in order to enable enhanced security without significantly impacting performance or power consumption. However, realizing the performance promised by them requires the design of efficient software architectures for crypto offloading (offloading cryptographic operations from a host processor). In this paper, we describe an efficient software architecture for IPSec crypto offloading on a state-of-the-art mobile application processor system-on-chip (SoC) that includes a programmable security processor. We consider both user-space and kernel-space implementations of IPSec, compare their performance, and identify factors that limit the efficiency of crypto offloading. We describe two optimizations, called protocol-level crypto offloading and adaptive crypto offloading, which further improve the performance of IPSec by (i) offloading higher granularity computations to reduce the crypto offloading overheads, and (ii) using crypto offloading judiciously based on the trade-off between the savings in processing cycles vs. the overhead of communication with the security processor. We measure the performance of our implementation of IPSec crypto offloading using a commercial network protocol stack on the mobile application processor SoC, under a wide range of workloads. Our results indicate that efficient crypto offloading can result in application-level improvements of up to 10.6X in data rate and up to 5X in latency, enabling IPSec to be used for emerging high-bandwidth and interactive mobile applications.","1558-1101","978-3-9810801-3-1","10.1109/DATE.2008.4484833","","https://ieeexplore.ieee.org/stamp/stamp.jsp?arnumber=4484833","","Software architecture;Acceleration;Cryptography;Power system security;Embedded system;Energy consumption;Software design;Application software;System-on-a-chip;High performance computing","","1","","20","","11 Apr 2008","","","IEEE","IEEE Conferences"
"Hardware and software architecture of a smart meter based on electrical signature analysis","M. Temneanu; A. S. Ardeleanu","Faculty of Electrical Engineering, Gheorghe Asachi Polytechnic Institute of Iasi, Iasi, Romania; Faculty of Electrical Engineering, Gheorghe Asachi Polytechnic Institute of Iasi, Iasi, Romania",2013 8TH INTERNATIONAL SYMPOSIUM ON ADVANCED TOPICS IN ELECTRICAL ENGINEERING (ATEE),"19 Sep 2013","2013","","","1","6","The main resources used in electricity generation are becoming fewer, while the impact of renewable resources is still quite small. To allow the necessary time for the technology of renewable resources to mature, a requirement is to increase the energy efficiency. In this regard the smart grid concept was implemented, but whose efficiency depends on creation of a framework through which the end user can actively participate in the energy marketplace. End users must be able to understand how the energy is used so that they could find possibilities to increase the efficiency of energy. Within this paper the architecture of a smart system (smart meter) capable to disaggregate the whole energy consumption into individual consumers is presented. This way, the user will have a better understanding on how the energy is used, will find major consumers and will be able to reduce his consumption.","2068-7966","978-1-4673-5980-1","10.1109/ATEE.2013.6563499","","https://ieeexplore.ieee.org/stamp/stamp.jsp?arnumber=6563499","smart meter;nonintrusive load monitoring;energy disaggregation","Reactive power;Computer architecture;Databases;Transient analysis;Hardware;Energy consumption;Switches","","14","","23","IEEE","19 Sep 2013","","","IEEE","IEEE Conferences"
"Analyzing and Comparing Deep Learning Models on an ARM 32 Bits Microcontroller for Pre-Impact Fall Detection","A. Benoit; C. Escriba; D. Gauchard; A. Esteve; C. Rossi","Laboratory for Analysis and Architecture of Systems (LAAS-CNRS), University of Toulouse, Toulouse, France; Laboratory for Analysis and Architecture of Systems (LAAS-CNRS), University of Toulouse, Toulouse, France; Laboratory for Analysis and Architecture of Systems (LAAS-CNRS), University of Toulouse, Toulouse, France; Laboratory for Analysis and Architecture of Systems (LAAS-CNRS), University of Toulouse, Toulouse, France; Laboratory for Analysis and Architecture of Systems (LAAS-CNRS), University of Toulouse, Toulouse, France",IEEE Sensors Journal,"1 Apr 2024","2024","24","7","11829","11842","Automated pre-impact fall detection in real-time using raw data acquired from wearable sensors, such as triaxial accelerometers, remains an open research problem in the context of elderly care. This article presents a comparative study of nine neural network models, including Dense, convolutional neural network (CNN), long short-term memory (LSTM), gated recurrent unit (GRU), BiLSTM, Bidirectional GRU (BiGRU), CNN Dense, CNN LSTM, and CNN GRU, for predicting an occurring fall before impact with the ground using accelerometer data. The models were optimized using Keras Tuner with the TensorFlow backend, a dominant deep learning software framework. Machine learning (ML) classifiers suitable for execution on microcontrollers were built and evaluated based on performance metrics such as accuracy, sensitivity, specificity, storage size, inference time, and energy consumption. The results highlight that the CNN DENSE algorithm provides the best detection accuracy (94.70%) with a lead time of 176.91 ms. Sensitivity and specificity reach 95.33% and 94.18%. The energy consumption and inference time are 6.72 mA and 12.88 ms, respectively. In conclusion, deep learning demonstrates increased classification accuracy and a simplified software architecture, but it comes at the cost of decreased energy efficiency and inference speed. These factors are crucial considerations in developing on-demand fall injury prevention wearable systems.","1558-1748","","10.1109/JSEN.2024.3364249","","https://ieeexplore.ieee.org/stamp/stamp.jsp?arnumber=10438395","Deep learning;energy consumption;pre-impact fall detection;tensorflow lite;threshold-based;wearable systems","Fall detection;Deep learning;Older adults;Microcontrollers;Wearable sensors;Sensors;Support vector machines","","6","","84","IEEE","15 Feb 2024","","","IEEE","IEEE Journals"
"Innovative Circuit Designs for Achieving Ultra-Low Power Consumption in Wearable Electronics","M. Aijaz; G. G; A. V; M. M. Krishnan; T. Muthamizhan","Department of EEE, Kodada Institute Of Technology And Science For Women, Kodad, Telangana, India; Department of Electrical and Electronics Engineering, Saveetha School of Engineering, Saveetha Institute of Medical and Technical Sciences, Saveetha University, Chennai, India; Department of Electronics and Instrumentation Engineering, Saveetha Engineering College (Autonomous), Chennai, India; Department of Mechanical Engineering, R.M.K. Engineering College, Chennai, India; Department of Electrical And Electronics Engineering, Sri Sai Ram Institute of Technology, Chennai, Tamil Nadu, India",2024 International Conference on Cybernation and Computation (CYBERCOM),"23 Dec 2024","2024","","","649","653","The rapid growth of wearable electronics has impacted different lines of business including health care, fitness, and personal communication. However, the growing demand for continuous operation and enhanced functionality in these compact devices has highlighted a critical challenge: energy use. This work is targeted at the conception of new circuit architectures and approaches to ultra-low power wearable electronics to increase the battery run-time and performance of wearable devices. The proposed work introduces a systematic approach that incorporates DVFS, power gating, optimization of signal processing, and use of new age semiconductor technologies including FinFET and ultra-thin body SOI transistors. These methods is aimed at reducing power consumption with regard to the hardware and the software of wearable gadgets. Also, miniature power management systems which draw power from sources that are inherent in the environment such as heat gradient, motion, and light are integrated to partner battery power and hence enhance the battery life of the devices. The research also lays special focus on power-aware software design where a device's performance changes according to the usage by users or other conditions. Thus, the co-design strategy of both hardware and software is essential in attaining substantial energy-saving goals for wearables electronics without intrusion to its functionality or further degrading its usability. A case of a wearable device was created and used to prove the feasibility of the suggested methodology. It was possible to exhibit significant enhancements in battery duration and power utilization, whereas precision and latency of processing experienced slight decreases. These results argue for the efficiency of the recommended techniques to minimize power demand and at the same time provide reasonable levels of performance and users' satisfaction.","","979-8-3315-4234-4","10.1109/CYBERCOM63683.2024.10803200","","https://ieeexplore.ieee.org/stamp/stamp.jsp?arnumber=10803200","Ultra-low power consumption;wearable electronics;circuit design;energy harvesting;dynamic voltage scaling;power gating;semiconductor technology;power-aware software","Performance evaluation;Low power electronics;Voltage;Signal processing;Software;Hardware;Batteries;Circuit synthesis;Wearable devices;Optimization","","","","17","IEEE","23 Dec 2024","","","IEEE","IEEE Conferences"
"Reducing jitter in embedded systems employing a time-triggered software architecture and dynamic voltage scaling","T. Phatrapornnant; M. J. Pont","Embedded Systems Laboratory, University of Leicester, Leicester, UK; Embedded Systems Laboratory, University of Leicester, Leicester, UK",IEEE Transactions on Computers,"3 Jan 2006","2006","55","2","113","124","We have previously demonstrated that use of an appropriate dynamic voltage scaling (DVS) algorithm can lead to a substantial reduction in CPU power consumption in systems employing a time-triggered cooperative (TTC) scheduler. In this paper, we consider the impact that the use of DVS has on the levels of both clock and task jitter in TTC applications. We go on to describe a modified DVS algorithm (TTC-jDVS) which can be used where low jitter is an important design consideration. We then demonstrate the effectiveness of the modified algorithm on a data set made up of artificial tasks and in a realistic case study.","1557-9956","","10.1109/TC.2006.29","","https://ieeexplore.ieee.org/stamp/stamp.jsp?arnumber=1566573","Index Terms- Low power design;scheduling;real-time systems and embedded systems.","Power demand;Scheduling;Computer architecture","","22","","42","IEEE","3 Jan 2006","","","IEEE","IEEE Journals"
"Implementation of a nanosatellite attitude determination and control system for the T-Sat1 mission","B. Russell; L. Clement; J. Hernandez; A. Byagowi; D. Schor; W. Kinsner","Department of Electrical & Computer Engineering, Faculty of Engineering, University of Manitoba, Winnipeg, MAN, Canada; Department of Physics & Astronomy, Faculty of Science, University of Manitoba, Winnipeg, MAN, Canada; Department of Physics & Astronomy, Faculty of Science, University of Manitoba, Winnipeg, MAN, Canada; Department of Electrical & Computer Engineering, Faculty of Engineering, University of Manitoba, Winnipeg, MAN, Canada; Department of Electrical & Computer Engineering, Faculty of Engineering, University of Manitoba, Winnipeg, MAN, Canada; Department of Electrical & Computer Engineering, Faculty of Engineering, University of Manitoba, Winnipeg, MAN, Canada",2013 26th IEEE Canadian Conference on Electrical and Computer Engineering (CCECE),"25 Jul 2013","2013","","","1","5","The design of attitude determination and control of nanosatellites requires innovative solutions that are low-cost, small in size, and minimized power consumption. The University of Manitoba T-Sat1 project has created a simple complement of sensors and actuators that can provide stable determination and orientation. The linear region of photodiode readings was combined with magnetometer readings in a sensor-fusion attitude determination algorithm. The actuators were custom-built torque discs on printed circuit boards that proved easy to mount and generate fields 25 nT that are sufficient to orient the satellite while in orbit. The torque disc manufacturing process is described with details on the imperfections and lessons learned from the prototypes. This paper describes the hardware and software design and implementation for the attitude determination and control of the T-Sat1 nanosatellite.","0840-7789","978-1-4799-0033-6","10.1109/CCECE.2013.6567796","","https://ieeexplore.ieee.org/stamp/stamp.jsp?arnumber=6567796","Attitude determination and control;nano-satellites;B-dot algorithm;sensor fusion algorithm;magnetic torque discs","Satellites;Torque;Space vehicles;Magnetic fields;Position measurement;Photodiodes","","1","","18","IEEE","25 Jul 2013","","","IEEE","IEEE Conferences"
"GreenBundle: An Empirical Study on the Energy Impact of Bundled Processing","S. A. Chowdhury; A. Hindle; R. Kazman; T. Shuto; K. Matsui; Y. Kamei","Department of Computing Science, University of Alberta, Edmonton, AB, Canada; Department of Computing Science, University of Alberta, Edmonton, AB, Canada; Information Technology Management, University of Hawaii, Honolulu, HI, USA; Information Sc. & Electrical Eng., Kyushu University, Fukuoka, Japan; Information Sc. & Electrical Eng., Kyushu University, Fukuoka, Japan; Information Sc. & Electrical Eng., Kyushu University, Fukuoka, Japan",2019 IEEE/ACM 41st International Conference on Software Engineering (ICSE),"26 Aug 2019","2019","","","1107","1118","Energy consumption is a concern in the data-center and at the edge, on mobile devices such as smartphones. Software that consumes too much energy threatens the utility of the end-user's mobile device. Energy consumption is fundamentally a systemic kind of performance and hence it should be addressed at design time via a software architecture that supports it, rather than after release, via some form of refactoring. Unfortunately developers often lack knowledge of what kinds of designs and architectures can help address software energy consumption. In this paper we show that some simple design choices can have significant effects on energy consumption. In particular we examine the Model-View-Controller architectural pattern and demonstrate how converting to Model-View-Presenter with bundling can improve the energy performance of both benchmark systems and real world applications. We show the relationship between energy consumption and bundled and delayed view updates: bundling events in the presenter can often reduce energy consumption by 30%.","1558-1225","978-1-7281-0869-8","10.1109/ICSE.2019.00114","","https://ieeexplore.ieee.org/stamp/stamp.jsp?arnumber=8811956","software energy consumption, MVP, MVC, software architecture","Energy consumption;Benchmark testing;Computer architecture;Unified modeling language;Observers;Software;Mobile handsets","","9","","80","IEEE","26 Aug 2019","","","IEEE","IEEE Conferences"
"Influence of array allocation mechanisms on memory system energy","R. Athavale; N. Vijaykrishnan; M. Kandemir; M. J. Irwin","Department of Computer Science and Engineering, Pennsylvania State University, University Park, PA, USA; Department of Computer Science and Engineering, Pennsylvania State University, University Park, PA, USA; Department of Computer Science and Engineering, Pennsylvania State University, University Park, PA, USA; Department of Computer Science and Engineering, Pennsylvania State University, University Park, PA, USA",Proceedings 15th International Parallel and Distributed Processing Symposium. IPDPS 2001,"7 Aug 2002","2001","","","8 pp.","","Portability and energy consumption have become increasingly important in mobile computing. Consequently, there is a clear need for energy-aware portable software design. This paper brings these two design considerations together by examining and optimizing the energy consumption of array allocation mechanisms in Java. Specifically, using a set of array-dominated benchmarks and a partitioned memory architecture with multiple low-power operating modes, we study two data optimization techniques: memory layout modification and array-interleaving. Our results show that these optimizations increase the effectiveness of energy savings due to power control of partitioned memory architectures across different memory configurations. It is observed that the memory energy can be significantly reduced using these techniques.","1530-2075","0-7695-0990-8","10.1109/IPDPS.2001.924930","","https://ieeexplore.ieee.org/stamp/stamp.jsp?arnumber=924930","","Energy consumption;Java;Memory architecture;Circuits;Virtual machining;Decoding;Computer science;Power engineering and energy;Mobile computing;Software design","","4","","29","IEEE","7 Aug 2002","","","IEEE","IEEE Conferences"
"Developing green and sustainable software: Success factors for vendors","M. Salam; S. U. Khan","Department of Computer Science and IT, University of Malakand, Pakistan; Department of Computer Science and IT, University of Malakand, Pakistan",2016 7th IEEE International Conference on Software Engineering and Service Science (ICSESS),"23 Mar 2017","2016","","","1059","1062","Software plays an important role in various aspects of our life. However, recent software development practices have substantial negative impacts (direct and indirect) on economy, society, human beings, and environment. To cope with these issues the concept of Green Software Engineering has boomed recently. Green and sustainable software development aims to create green software that meets the needs of current and future users while minimizing its negative impacts on the environment and society. Green software development is getting attention in Global Software Engineering (GSE). Software development multi-sourcing vendor organizations have focused on the adaptation of green practices in software development projects. The objectives of this study are to identify and scrutinize a list of critical success factors (CSFs) for vendors in the development of green and sustainable software. The required data for conducting the study was taken, via systematic literature review (SLR) process, from a sample of 74 research papers. The SLR findings reveal that ‘green software design and efficient coding ’, ‘power-saving software strategies ’, ‘low carbon emission throughout the software development process ’, ‘efficient resource utilization ’, ‘paperless communication ’, ‘filtration of requirements through green evaluator and e-waste management’ are the critical factors to be implanted by vendors in the development of green and sustainable software.","2327-0594","978-1-4673-9904-3","10.1109/ICSESS.2016.7883248","","https://ieeexplore.ieee.org/stamp/stamp.jsp?arnumber=7883248","Green and sustainable software;Critical Success factors (CSFs);Vendors;Systematic Literature Review","Green products;Sulfur hexafluoride;Electronic waste;Libraries;Software;Automobiles;Asia","","9","","24","IEEE","23 Mar 2017","","","IEEE","IEEE Conferences"
"An Empirical Investigation into Code Smell Elimination Sequences for Energy Efficient Software","G. Dhaka; P. Singh","National Institute of Technology, Jalandhar, India; National Institute of Technology, Jalandhar, India",2016 23rd Asia-Pacific Software Engineering Conference (APSEC),"3 Apr 2017","2016","","","349","352","Recent research has shown that maintainability improving activities, such as removing code smells using recommended refactoring activities, may degrade the energy consumption behavior of software systems. However, current research is still immature and requires considerable effort for transferring findings to practice. This work empirically investigates the impact of eliminating a set of three notorious code smells, individually as well as in all six possible sequences, on energy consumption behavior of software systems. It also analyzes whether any relationship exists between software architecture sustainability (in terms of energy efficiency) and maintainability within the context of individual and sequential code smell elimination. The study outcomes show that the selected code smell removal permutations yield variant levels of energy consumption values for the resulted refactored software versions. Also, a particular permutation is learned to yield most energy-efficient refactored software versions, when compared to all other code smell removal permutations.","1530-1362","978-1-5090-5575-3","10.1109/APSEC.2016.057","","https://ieeexplore.ieee.org/stamp/stamp.jsp?arnumber=7890609","energy consumption;sustainability;code smell;refactoring;software architecture;maintainability;green IT","Energy consumption;Measurement;Energy efficiency;Software systems;Software quality;Java","","11","","16","IEEE","3 Apr 2017","","","IEEE","IEEE Conferences"
"Techniques for low energy software","R. Mehta; R. M. Owens; M. J. Irwin; R. Chen; D. Ghosh","Equator Technologies, Inc., Campbell, CA, USA; Department of Computer Science and Engineering, Pennsylvania State University, University Park, PA, USA; Department of Computer Science and Engineering, Pennsylvania State University, University Park, PA, USA; Department of Computer Science and Engineering, Pennsylvania State University, University Park, PA, USA; Department of Computer Science and Engineering, Pennsylvania State University, University Park, PA, USA",Proceedings of 1997 International Symposium on Low Power Electronics and Design,"23 May 2005","1997","","","72","75","The energy consumption of a system depends upon the hardware and software component of a system. Since it is the software which drives the hardware in most systems, decisions taken during software design has significant impact on the energy consumption of the processor. The paper focuses on decreasing energy consumption of a processor using software techniques. A novel compiler technique is proposed which reduces energy consumption by proper register labeling during the compilation phase. The idea behind this technique is to reduce the energy of the processor by reducing the energy of the instruction register (also the instruction data bus) and the register file decoder by encoding the register labels such that the sum of the switching costs between all the register labels in the transition graph is minimized. There is no hardware penalty since this is purely a compiler optimization. Results on benchmarks show that the energy consumption of the DLX processor can be reduced by 9.82% (maximum) and 4.25% (average) (as measured by DLX energy simulator). In addition several compiler techniques such as loop unrolling, software pipelining, recursion elimination and of effects of different algorithms on power and energy consumption are studied. This evaluation methodology is useful for computer architects to evaluate energy improvements of their hardware, compiler writers to evaluate energy of the compiled code and program writers to evaluate energy of data structures and algorithms.","","0-89791-903-3","10.1145/263272.263286","","https://ieeexplore.ieee.org/stamp/stamp.jsp?arnumber=621242","","Energy consumption;Registers;Hardware;Software design;Labeling;Decoding;Encoding;Costs;Optimizing compilers;Energy measurement","","41","1","16","","23 May 2005","","","IEEE","IEEE Conferences"
"Software architectural transformations: a new approach to low energy embedded software","T. K. Tan; A. Raghunathan; N. K. Jha","Department of Electrical Engineering, Princeton University, NJ, USA; NEC Laboratories of America, Inc., Princeton, NJ, USA; Department of Electrical Engineering, Princeton University, NJ, USA","2003 Design, Automation and Test in Europe Conference and Exhibition","19 Dec 2003","2003","","","1046","1051","Previous work on software optimization for low energy has focussed on instruction-level optimizations and compiler techniques. We argue, and demonstrate, that significant energy savings could be ""left on the table"" if energy is not considered during the design of the software architecture. As a first step towards addressing this gap, we propose a systematic framework for software architectural transformations to reduce energy consumption. We consider software architectural transformations in the context of the multi-process software style driven by an operating system (OS), which is very commonly employed in energy-sensitive embedded systems. Our methodology for applying software architectural transformations consists of: (i) constructing a software architecture graph representation, (ii) deriving initial energy and performance statistics using a detailed energy simulation framework, (iii) constructing sequences of atomic software architectural transformations, guided by energy change estimates derived from high-level energy macro-models, that result in maximal energy reduction, and (iv) generation of program source code to reflect the optimized software architecture. We employ a wide suite of software architectural transformations whose effects span the application-OS boundary, including how the program functionality is structured into architectural components (e.g., application processes, signal handlers, and device drivers), and connectors between them (inter- component synchronization and communication mechanisms). We present experimental results on several multi-process embedded software programs, in the context of an embedded system that features the Intel StrongARM processor and the embedded Linux OS. The presented results clearly underscore the potential of the proposed methodology (up to 66.1% reduction in energy is obtained). In a broader sense, our work demonstrates the impact of considering energy during the earlier stages of the software design process.","1530-1591","0-7695-1870-2","10.1109/DATE.2003.1253742","","https://ieeexplore.ieee.org/stamp/stamp.jsp?arnumber=1253742","","Embedded software;Software architecture;Optimizing compilers;Software design;Embedded system;Software performance;Software systems;Energy consumption;Operating systems;Statistics","","21","1","18","IEEE","19 Dec 2003","","","IEEE","IEEE Conferences"
"Optimal Design of Transformer Winding Thermostat Verification Device Based on Simulated Annealing Algorithm","H. Zhuo; S. Jiang; T. Li; S. Luo; F. Wang","Electric Power Research Institute of Guangxi Power Grid Co., Ltd., Nanning, China; Electric Power Research Institute of Guangxi Power Grid Co., Ltd., Nanning, China; Electric Power Research Institute of Guangxi Power Grid Co., Ltd., Nanning, China; Electric Power Research Institute of Guangxi Power Grid Co., Ltd., Nanning, China; Electric Power Research Institute of Guangxi Power Grid Co., Ltd., Nanning, China","2023 International Conference on Internet of Things, Robotics and Distributed Computing (ICIRDC)","3 May 2024","2023","","","607","611","The verification device of winding temperature controller is a key component to ensure the normal operation of transformer, so its design and control are very important. In this paper, the temperature control strategy of transformer winding based on simulated annealing algorithm (SAA) is proposed. In the PID control based on SAA, the performance index or energy function needs to be determined first to evaluate the performance of each parameter combination. Then, SAA searches in the parameter space and gradually converges to the best parameter combination. Subsequently, the software of transformer winding temperature controller verification device is designed. This software design will integrate SAA to realize temperature control, and optimize the temperature of transformer winding according to the objective function to ensure that it remains in the required range. Through numerical simulation and experimental verification, we find that the conventional PID controller is weak in adjusting disturbance, so the control quality of the system is poor under disturbance, while the PID controller based on SAA has strong adaptive ability, good control quality and strong robustness. The optimized device not only shows better performance in temperature control, but also makes significant improvements in energy efficiency and reliability. This helps to reduce energy consumption and operating costs and improve the sustainability of transformers.","","979-8-3503-7527-5","10.1109/ICIRDC62824.2023.00116","","https://ieeexplore.ieee.org/stamp/stamp.jsp?arnumber=10510957","Simulated annealing algorithm;transformer;winding thermostat","Performance evaluation;Software as a service;Windings;Simulated annealing;Transformers;Robustness;Energy efficiency","","","","12","IEEE","3 May 2024","","","IEEE","IEEE Conferences"
"Energy-efficient floating-point arithmetic for software-defined radio architectures","S. Z. Gilani; N. S. Kim; M. Schulte","Department of Electrical and Computer Engineering, University of Wisconsin-Madison, USA; Department of Electrical and Computer Engineering, University of Wisconsin-Madison, USA; Research and Advanced Development Laboratories, Advanced Micro Devices","ASAP 2011 - 22nd IEEE International Conference on Application-specific Systems, Architectures and Processors","13 Oct 2011","2011","","","122","129","The lack of hardware support for floating-point arithmetic in low-power software-defined radio architectures can significantly increase their software design time due to a time-consuming process of converting floating-point code to fixed-point code. Moreover, emerging wireless communication protocols involve several matrix based algorithms that are extremely sensitive to round-off errors in computations. Using fixed-point arithmetic for these algorithms can significantly impact the accuracy of algorithm results and may incur additional energy overhead due to the extra instructions required for fixed-point arithmetic. In this paper, we demonstrate that supporting floating-point arithmetic in hardware can deliver nearly 30% higher performance and energy efficiency than supporting only fixed-point arithmetic for key kernels of modern wireless communication protocols. The improvements can be further enhanced by our proposed high-throughput floating-point fused-multiply-add unit. Applying our proposed fused-multiply-add unit to key kernels improves performance of the baseline floating-point unit by as much as 60%, while reducing energy consumption by 30% and area by 33%. Although our approach may cause execution stalls depending on data, we show the performance impact of these stalls is negligible. We also employ dynamic range-based dynamic voltage and frequency scaling to further reduce the energy consumption of the processor by 25% for the same worst-case performance as the baseline floating-point implementation.","2160-052X","978-1-4577-1292-0","10.1109/ASAP.2011.6043260","","https://ieeexplore.ieee.org/stamp/stamp.jsp?arnumber=6043260","floating-point arithmetic;energy efficiency;software-defined radio","Digital signal processing;Dynamic range;Heuristic algorithms;Kernel;Matrix decomposition;Algorithm design and analysis;Signal processing algorithms","","10","","22","IEEE","13 Oct 2011","","","IEEE","IEEE Conferences"
"Principles and protocols for power control in wireless ad hoc networks","V. Kawadia; P. R. Kumar","Department of Electrical and Computer Engineering and the Coordinated Science Laboratory, University of Illinois, Urbana-Champaign, Urbana, IL, USA; Department of Electrical and Computer Engineering and the Coordinated Science Laboratory, University of Illinois, Urbana-Champaign, Urbana, IL, USA",IEEE Journal on Selected Areas in Communications,"3 Jan 2005","2005","23","1","76","88","Transmit power control is a prototypical example of a cross-layer design problem. The transmit power level affects signal quality and, thus, impacts the physical layer, determines the neighboring nodes that can hear the packet and, thus, the network layer affects interference which causes congestion and, thus, affects the transport layer. It is also key to several performance measures such as throughput, delay, and energy consumption. The challenge is to determine where in the architecture the power control problem is to be situated, to determine the appropriate power level by studying its impact on several performance issues, to provide a solution which deals properly with the multiple effects of transmit power control, and finally, to provide a software architecture for realizing the solution. We distill some basic principles on power control, which inform the subsequent design process. We then detail the design of a sequence of increasingly complex protocols, which address the multidimensional ramifications of the power control problem. Many of these protocols have been implemented, and may be the only implementations for power control in a real system. It is hoped that the approach in this paper may also be of use in other topical problems in cross-layer design.","1558-0008","","10.1109/JSAC.2004.837354","","https://ieeexplore.ieee.org/stamp/stamp.jsp?arnumber=1374961","Design principles;Linux implementation;power control","Wireless application protocol;Power control;Mobile ad hoc networks;Cross layer design;Prototypes;Physical layer;Interference;Energy measurement;Throughput;Delay","","236","3","36","IEEE","3 Jan 2005","","","IEEE","IEEE Journals"
"A Measurement-Driven Approach to Enhancing Sustainability in Microservice Architectures","E. O'Dea","DISIM, University of L'Aquila, L'Aquila, Italy",2025 IEEE 22nd International Conference on Software Architecture Companion (ICSA-C),"30 May 2025","2025","","","167","172","The Information and Communication Technology (ICT) sector plays a significant role in shaping modern society, but its environmental impact has become a growing concern due to the increasing energy demands of complex systems. Among these, microservice architectures are gaining widespread adoption for their flexibility and scalability in software design. However, their distributed nature and intricate communication patterns may introduce unique challenges in achieving energy efficiency, further contributing to the sector's environmental footprint. This research proposes a comprehensive framework to evaluate the energy efficiency of microservice-based systems. The frame-work includes a systematic method for energy assessment, identification of inefficiencies through anti-pattern analysis, and the application of green refactoring strategies that optimize energy consumption while maintaining other software quality attributes, such as performance and maintainability. By addressing these attributes through measurement-driven optimization, this study ensures that energy efficiency improvements do not compromise the long-term health of software systems. The outcomes aim to provide actionable tools and insights to integrate sustainability into the software development lifecycle of microservice-based applications.","2768-4288","979-8-3315-3336-6","10.1109/ICSA-C65153.2025.00031","","https://ieeexplore.ieee.org/stamp/stamp.jsp?arnumber=11014885","green microservices;energy efficiency;sustainable software;green architecting","Systematics;Green products;Microservice architectures;Energy measurement;Computer architecture;Software quality;Software systems;Energy efficiency;Software measurement;Sustainable development","","","","43","IEEE","30 May 2025","","","IEEE","IEEE Conferences"
"Design challenges of a low power ARM based image processing sub system for a portable radar","V. S. R. K. Anne; S. Vadada; S. Sharma; B. S. M. Shareef; C. H. S. Rao","Electronics and Radar Development Establishment (LRDE), Defence Research & Development Organization (DRDO), Bangalore, India; Electronics and Radar Development Establishment (LRDE), Defence Research & Development Organization (DRDO), Bangalore, India; Electronics and Radar Development Establishment (LRDE), Defence Research & Development Organization (DRDO), Bangalore, India; Electronics and Radar Development Establishment (LRDE), Defence Research & Development Organization (DRDO), Bangalore, India; Electronics and Radar Development Establishment (LRDE), Defence Research & Development Organization (DRDO), Bangalore, India",2017 2nd International Conference on Communication and Electronics Systems (ICCES),"22 Mar 2018","2017","","","193","198","Portable systems are becoming the de-facto necessity of users. The efficacy of a portable system depends on the battery life, which is determined by the power consumption of the entire system. Handheld Ground Penetrating Radar (HHGPR) is a sensor used for detection of landmines buried under the surface of earth. HHGPR is a portable, compact, low power battery operated system. This system needs to be operated continuously for 8 hours on battery. So utmost care is required in designing and developing every sub-system in terms of Size, Weight and Power consumption (SWaP). As the sub system power consumption increases, weight and size of the system also increases. Typical radar consists of the sub systems like Transmitter, receiver, signal processor, data processor and Display to do distinct functionalities. Conventional Radar applications have signal processor, data processor and display realized as separate hardware. This paper describes the hardware and software design steps and challenges in realizing a custom low power (<; 3W) image and data processor sub system which can do functionalities of Radar Controller, Image processor and Display processor for Handheld Ground Penetrating radar which is developed along with a signal processor on a compact single PCB to meet the SWaP constraints of a portable system. The image and data processor subsystem realised in this paper has been used in Handheld Ground Penetrating Radar (GPR) and it is developed in Electronics & Radar Development Establishment (LRDE), Defence Research & Development Organization (DRDO).","","978-1-5090-5013-0","10.1109/CESYS.2017.8321263","","https://ieeexplore.ieee.org/stamp/stamp.jsp?arnumber=8321263","ARM Processor;SWaP;Power Consumption;Ground Penetrating Radar (GPR);i.Mx6Q","Ground penetrating radar;Hardware;Power demand;Batteries;Process control;Radar imaging","","1","","10","IEEE","22 Mar 2018","","","IEEE","IEEE Conferences"
"Energy Cost of IoT Design Patterns","A. Crestani; R. Tetu; J. -M. Douin; P. Paradinas","CEDRIC Lab, Cnam, Paris, France; CEDRIC Lab, Cnam, Paris, France; CEDRIC Lab, Cnam, Paris, France; CEDRIC Lab, Cnam, Paris, France",2021 8th International Conference on Future Internet of Things and Cloud (FiCloud),"9 Nov 2021","2021","","","383","387","Design patterns are a set of general and reusable software components built to deal with common integration problems. They provide functionalities and allow the experienced designer/developer to write efficient code programs faster. With the rise of the Internet of Things (IoT), there has been an increase in design patterns aimed at IoT problems that are proposed. Although efforts have been made to document the patterns, they are not as widely used as they could be. Moreover, the issue of energy consumption is less addressed, despite being a major concern for any IoT device. This paper aims at identifying IoT Patterns as recently proposed in the scientific literature, as well as providing an incentive for their use by showing the difference in terms of energy consumption that can be achieved by choosing the right design pattern. We used Mozilla's WebThing software to set up our platform. Our experiments show that some patterns are way more energy efficient than others, which can have a great impact.","","978-1-6654-2574-2","10.1109/FiCloud49777.2021.00062","","https://ieeexplore.ieee.org/stamp/stamp.jsp?arnumber=9590218","Design pattern;Internet of Things;energy consumption;WebThings","Energy consumption;Cloud computing;Costs;Codes;Logic gates;Energy efficiency;Software","","2","","10","IEEE","9 Nov 2021","","","IEEE","IEEE Conferences"
"A dynamic power profiling of embedded computer systems","C. D. Bagwell; E. Jovanov; J. H. Julick","Department of Electrical Engineering & Computer Engineering, University of Alabama Huntsville, Huntsville, AL, USA; Department of Electrical Engineering & Computer Engineering, University of Alabama Huntsville, Huntsville, AL, USA; Dept. of Electr. Eng. & Comput. Eng., Alabama Univ., Huntsville, AL, USA",Proceedings of the Thirty-Fourth Southeastern Symposium on System Theory (Cat. No.02EX540),"7 Nov 2002","2002","","","15","19","Power consumption is one of the most critical system design parameters, particularly in the case of battery powered computer systems. This paper presents a novel method of data acquisition and processing suited for the dynamic power estimation of computer systems. It is the goal of the designer of these systems to maximize the useful system operation time with a fixed battery charge. In order to achieve the goal of maximum lifetime, several key data points about the real-time power consumption of the system are needed. These include average, maximum, and minimum current drawn over a period of time and also instantaneous current drawn by the system while it is active. We developed a separate power measurement device to provide the real-time data sets generated by the system under test. The power measurement device will determine the current drawn by the system under test, and will provide to the user the average, maximum, and minimum current drawn by the system during the period of the test. The power measurement device can also provide real-time current draw of the system under the test, within the precision of the power measurement device. We use a very low power microcontroller, Texas Instruments MSP430F149, for data acquisition and processing. We also provide a real-time data stream of average samples to the standard RS-232 serial communications port with the sampling frequency of approximately 6.9 kHz. Real-time traces of the dynamic power consumption collected by this power measurement device allow designers to modify hardware and software architecture to extend the system lifetime with a given battery charge.","0094-2898","0-7803-7339-1","10.1109/SSST.2002.1026996","","https://ieeexplore.ieee.org/stamp/stamp.jsp?arnumber=1026996","","Embedded computing;Power measurement;Real time systems;System testing;Energy consumption;Batteries;Data acquisition;Power generation;Microcontrollers;Instruments","","1","","5","IEEE","7 Nov 2002","","","IEEE","IEEE Conferences"
"Computer Systems for Autonomous Vehicles","D. Blidberg","Univerisyt of New Hampshire, Durham, NH, USA",OCEANS 81,"9 Sep 2010","1981","","","83","87","The advent of the microprocessor has permitted a substantial amount of computing power to be placed in underwater automata for inspections, work, and other tasks under conditions where tethers are not desirable. Hardware costs are low and power consumption minimal. This paper examines the impact of the microprocessor computer on the autonomous vehicle. The trend toward distributed processing, and the increasing memory size, and the consequent impact on mission capabilities, communication, navigation and control are reviewed. Software design guides the reliability and effectiveness of the hardware, and demands a major portion of development effort. Progress in user oriented languages, software system design, and in flexibility between system elements is described.","","","10.1109/OCEANS.1981.1151682","","https://ieeexplore.ieee.org/stamp/stamp.jsp?arnumber=1151682","","Remotely operated vehicles;Mobile robots;Microprocessors;Hardware;Software design;Automata;Inspection;Costs;Energy consumption;Distributed processing","","2","","","IEEE","9 Sep 2010","","","IEEE","IEEE Conferences"
"Power Breakdown Analysis of a WCDMA Handset with Multi-channel Power Monitoring System","S. R. Cho; S. Kim; H. Lee; B. J. Kim; J. Y. Lee; S. -B. Hyun; S. -S. Park","Electronics and Telecommunications Research Institute, Daejeon, South Korea; Electronics and Telecommunications Research Institute, Daejeon, South Korea; Electronics and Telecommunications Research Institute, Daejeon, South Korea; Electronics and Telecommunications Research Institute, Daejeon, South Korea; Electronics and Telecommunications Research Institute, Daejeon, South Korea; Electronics and Telecommunications Research Institute, Daejeon, South Korea; Electronics and Telecommunications Research Institute, Daejeon, South Korea",2007 12th IEEE Symposium on Computers and Communications,"12 Nov 2007","2007","","","667","672","Monitoring power consumption of a running system is a first step to determine where to take an effort on power optimization to minimize unnecessary idle time in available operation modes. Coordinating hardware and software architecture in a certain block or module to extend its lifetime requires system-wide power breakdown profiling, which then validates applicable power saving techniques because of a trade-off between cost and benefit. Experimental results show that with a commercial 3G WCDMA handset, a multi-channel power monitoring system gathers real-time traces of power consumption of the WCMDA MSM6250 chipset platform under several different conditions, and generates comprehensive power breakdown analysis to verify power saving techniques.","1530-1346","978-1-4244-1520-5","10.1109/ISCC.2007.4381520","","https://ieeexplore.ieee.org/stamp/stamp.jsp?arnumber=4381520","","Electric breakdown;Multiaccess communication;Telephone sets;Monitoring;Energy consumption;Base stations;Real time systems;Baseband;Power generation;Mobile handsets","","1","","8","IEEE","12 Nov 2007","","","IEEE","IEEE Conferences"
"Improving External Memory Access for Avalon Systems on Programmable Chips","H. Eeckhaut; M. Christiaens; P. Faes; D. Stroobandt","Parallel Information Systems, ELIS, Ghent University, Ghent, Belgium; Parallel Information Systems, ELIS, Ghent University, Ghent, Belgium; Parallel Information Systems, ELIS, Ghent University, Ghent, Belgium; Parallel Information Systems, ELIS, Ghent University, Ghent, Belgium",2007 International Conference on Field Programmable Logic and Applications,"12 Nov 2007","2007","","","311","316","In this paper we present a new hardware design pattern for improving memory transfers to external dynamic memory in Altera's SOPC-builder tool by reusing the standard DMA IP core for all bulk memory transfers without the need for a CPU. The presented approach doubles the data throughput without the need for extra system resources. In addition it is more effective for choosing optimal clock settings for the different components of the system on a programmable chip. The benefits and limitations of this new approach are illustrated with a real world example: a bitplane assembler for scalable wavelet based video. The new design is 2.3 times faster with the same clock settings as the original design and uses about 100 logic elements less. Applying our new approach also has a positive impact on energy consumption.","1946-1488","978-1-4244-1059-0","10.1109/FPL.2007.4380665","","https://ieeexplore.ieee.org/stamp/stamp.jsp?arnumber=4380665","","Control systems;Fabrics;System-on-a-chip;Hardware;Clocks;Field programmable gate arrays;Master-slave;Logic design;Libraries;Read-write memory","","1","","9","IEEE","12 Nov 2007","","","IEEE","IEEE Conferences"
"The research of home Intelligent power system based on ZigBee","G. Yongqing; S. Dan","North China Institute of Science and Technology, Sanhe, Hebei, China; North China Institute of Science and Technology, Sanhe, Hebei, China","2013 3rd International Conference on Consumer Electronics, Communications and Networks","9 Jan 2014","2013","","","703","706","Firstly, this paper analyzes the significance and demand on Intelligent power. Then a solution of home intelligent power system based on ZigBee is proposed. Hardware components of the solution proposed in this work mainly consist of AT91SAM9G20 as the core of the home gateway controller, CC430F6137 as the core of the network node of intelligent power, as well as construction of intelligent home network system. Software components of the solution proposed in this work mainly comprise migration of the gateway controller operating system, writing application program and user interface program. Design of software in the object-oriented design pattern and the modular design concept, which the Home intelligent power system is divided into three major subsystems, namely: power consumption information navigating subsystem, household appliances remote control sub-system and home energy services sub-system. This system can meet the aspects of everyday life needs of user in convenient life, intelligent life and energy-saving. It brings great commercial return and technical value to the development and application of intelligent home in future, as well as far-reaching impact to improving the quality of intelligent home services.","","978-1-4799-2860-6","10.1109/CECNet.2013.6703428","","https://ieeexplore.ieee.org/stamp/stamp.jsp?arnumber=6703428","ZigBee;Home;Intelligent Node;Intelligent Gateway","Power demand;Artificial intelligence;Home appliances;Logic gates;Electrical products;Energy management","","7","","10","IEEE","9 Jan 2014","","","IEEE","IEEE Conferences"
"Design of Whole Chain Temperature Monitoring System for Raw Milk","W. Zhang; T. Cheng; H. Chen; X. Guo; G. Gao","The college of information and communications engineering, Faculty of Information Technology, Beijing University of Technology, Beijing, China; The college of information and communications engineering, Faculty of Information Technology, Beijing University of Technology, Beijing, China; The college of information and communications engineering, Faculty of Information Technology, Beijing University of Technology, Beijing, China; The college of information and communications engineering, Faculty of Information Technology, Beijing University of Technology, Beijing, China; The college of mechanical Engineering and Applied Electronics Technology, Beijing University of Technology, Beijing, China",2018 14th IEEE International Conference on Signal Processing (ICSP),"28 Feb 2019","2018","","","70","73","For the safety of dairy products, the quality of milk (raw milk) is particularly important. Because temperature influences the number of bacteria in raw milk, the suitable temperature can make the storage time of raw milk longer. Therefore, the realization of raw milk temperature monitoring system is particularly important. This system is composed of hardware design and software design. This system is based on STM23F103 MCU data acquisition and web page design based on Web. The system can accurately display the real-time temperature of each monitoring point, The monitoring points are three parts of the production, storage (pre cooling, refrigeration) and transportation of raw milk. The purpose is to realize the temperature monitoring of the whole chain and to provide data basis for the temperature regulation and control. The purpose of the system is to realize the temperature monitoring of the Full-chain and to provide data basis for the temperature control. According to the characteristics of the milk tanks, the unique temperature sending decision function of this system is designed, which can not only realize the real-time performance of temperature information, but also reduce the power consumption and flow loss of the sending end.","2164-5221","978-1-5386-4673-1","10.1109/ICSP.2018.8652315","","https://ieeexplore.ieee.org/stamp/stamp.jsp?arnumber=8652315","raw milk;temperature monitoring system;data acquisition;web page design","Temperature sensors;Dairy products;Monitoring;Temperature measurement;Temperature distribution;Servers","","1","","5","IEEE","28 Feb 2019","","","IEEE","IEEE Conferences"
"The Implementation of an Adaptive Data Reduction Technique for Wireless Sensor Networks","C. J. Debono; N. P. Borg","Department of Communication and Computer Engineering, University of Malta, Msida, Malta; Department of Communication and Computer Engineering, University of Malta, Msida, Malta",2008 IEEE International Symposium on Signal Processing and Information Technology,"6 Feb 2009","2008","","","402","406","Wireless sensor networks (WSN) have gained significant attention due to their ability to monitor physical phenomena within a wide range of applications. These networks are generally deployed in remote areas and are battery powered. This means that the lifetime of the network depends on the energy consumption, thus necessitating careful hardware and software design to sustain the long period of operation without human intervention. One way of reducing the energy required is to minimize the number of data transmissions. A prediction-based data reduction algorithm based on the least-mean-square (LMS) algorithm was implemented on a field programmable gate array (FPGA) to reduce the communication between the sensor nodes and the base station. Measurement results show that communication can be reduced by as much as 90% in a temperature monitoring application if an error of 0.5 degree is acceptable. This has a large impact on the lifetime of the wireless sensor network since the transceiver can be switched off during non-communication periods saving precious energy.","2162-7843","978-1-4244-3554-8","10.1109/ISSPIT.2008.4775688","","https://ieeexplore.ieee.org/stamp/stamp.jsp?arnumber=4775688","field programmable gate arrays;least-mean-square;prediction-based algorithm;wireless sensor networks","Wireless sensor networks;Sensor arrays;Field programmable gate arrays;Temperature sensors;Remote monitoring;Application software;Batteries;Energy consumption;Hardware;Software design","","10","","14","IEEE","6 Feb 2009","","","IEEE","IEEE Conferences"
"A Multi-Sensor-Based System for Cardiovascular Health Monitoring","H. Shan; W. Jin","College of Information Science & Electronic Engineering, Zhejiang University, Hangzhou, China; College of Information Science & Electronic Engineering, Zhejiang University, Hangzhou, China",2025 5th International Conference on Sensors and Information Technology,"29 May 2025","2025","","","442","447","With the rising prevalence of cardiovascular diseases, cardiovascular health monitoring systems have become crucial for personal health management. This paper presents the design and implementation of a multi-sensor-based cardiovascular health monitoring system. The system collects physiological signals, including photoplethysmography (PPG), electrocardiography (ECG), and phonocardiography (PCG) from the forehead and chest/abdomen, while also integrating auxiliary parameters such as body temperature and respiratory rate to provide a comprehensive cardiovascular health assessment. The hardware design consists of signal acquisition circuits for the forehead and chest/abdomen, along with a Bluetooth Low Energy (BLE) wireless transmission circuit. The collected data is transmitted wirelessly via the BLE protocol and subsequently analyzed on a personal computer (PC). Regarding software design, the data acquisition module is optimized for low power consumption and transmission stability. On the PC side, signal quality is enhanced through filtering techniques, heart rate and respiratory rate are determined using peak detection algorithms, and blood oxygen saturation is computed based on the Lambert-Beer law. Experimental results demonstrate that the system effectively monitors cardiovascular health in real-time and exhibits promising potential for practical applications.","","979-8-3315-4288-7","10.1109/ICSI64877.2025.11009742","","https://ieeexplore.ieee.org/stamp/stamp.jsp?arnumber=11009742","Cardiovascular Health Monitoring;Multi-Sensor;System Design;PPG;ECG;PCG","Temperature measurement;Heart rate;Accuracy;Power demand;Forehead;Electrocardiography;Real-time systems;Biomedical monitoring;Monitoring;Phonocardiography","","","","15","IEEE","29 May 2025","","","IEEE","IEEE Conferences"
"Research on Logic Integrated Circuit Design and System Verification of Fuze All-Electronic Safety System","Z. Zhang; Y. Li; X. Zhang; F. Meng; Y. Wu; F. Li; F. Chen; J. Zhao; W. Fu; Q. Zhang","Beijing Xinfeng Aerospace, Equipment Co. Ltd., Beijing, China; Beijing Xinfeng Aerospace, Equipment Co. Ltd., Beijing, China; Beijing Xinfeng Aerospace, Equipment Co. Ltd., Beijing, China; Beijing Xinfeng Aerospace, Equipment Co. Ltd., Beijing, China; Beijing Xinfeng Aerospace, Equipment Co. Ltd., Beijing, China; Beijing Xinfeng Aerospace, Equipment Co. Ltd., Beijing, China; Beijing Xinfeng Aerospace, Equipment Co. Ltd., Beijing, China; The Seventh Military Office in Beijing, Beijing, China; Xi'an Microelectronic, Technology Institute, Shanxi, China; Beijing Xinfeng Aerospace, Equipment Co. Ltd., Beijing, China","2025 IEEE 14th International Conference on Communications, Circuits and Systems (ICCCAS)","11 Aug 2025","2025","","","204","211","In view of the urgent need of miniaturization, integration and low power consumption of ammunition fuze all electronic safety system in modern war, adopting the principle of modular design, the hardware and software architecture of the system is designed, and the low-voltage logic integrated circuit chip solution using three-dimensional stacked package integration is proposed. The finite element simulation method is used to analyze the heat dissipation and overload bearing capacity and determine the chip production process parameters. The actual production and test results show that the IC chip size is $20.3 \times 20.3 \times 9.5 ~\text{mm}^{3}$, weight is 8.02 g, and dynamic power consumption reaches 0.866 W, comparing with traditional discrete circuit design the volume reduced by 87.9 %, weight reduced by 82.5 %, and dynamic power consumption reduced by 72.9 %. The electrical performance of fuze all-electronic safety system prototype equipped with integrated chip is normal, which verifying the proposed logic integrated circuit design has engineering application value.","","979-8-3315-4477-5","10.1109/ICCCAS65806.2025.11102184","","https://ieeexplore.ieee.org/stamp/stamp.jsp?arnumber=11102184","fuze;all-electronic safety system;three-dimensional stack;low-voltage logic control;integrated circuit chip","Integrated circuit synthesis;Heating systems;Low voltage;Power demand;Software architecture;Prototypes;Production;Hardware;Safety;Logic","","","","26","IEEE","11 Aug 2025","","","IEEE","IEEE Conferences"
"A Green Perspective on Structured Parallel Programming","M. Danelutto; M. Torquati; P. Kilpatrick","Dept. of Computer Science Univ. of Pisa; Dept. of Computer Science Univ. of Pisa; Dept. of Computer Science, Queen's Univ. Belfast","2015 23rd Euromicro International Conference on Parallel, Distributed, and Network-Based Processing","23 Apr 2015","2015","","","430","437","Structured parallel programming, and in particular programming models using the algorithmic skeleton or parallel design pattern concepts, are increasingly considered to be the only viable means of supporting effective development of scalable and efficient parallel programs. Structured parallel programming models have been assessed in a number of works in the context of performance. In this paper we consider how the use of structured parallel programming models allows knowledge of the parallel patterns present to be harnessed to address both performance and energy consumption. We consider different features of structured parallel programming that may be leveraged to impact the performance/energy trade-off and we discuss a preliminary set of experiments validating our claims.","2377-5750","978-1-4799-8491-6","10.1109/PDP.2015.116","","https://ieeexplore.ieee.org/stamp/stamp.jsp?arnumber=7092757","parallel design patterns;energy efficiency;DVFS;power management;algorithmic skeletons","Skeleton;Parallel programming;Parallel processing;Multicore processing;Business","","1","","27","IEEE","23 Apr 2015","","","IEEE","IEEE Conferences"
"A Formal Verification Method for the SOPC Software","S. Zhou; J. Wang; J. Jia; C. Zhang; R. Wang","Technology and Engineering Center for Space Utilization, Chinese Academy of Sciences, Beijing, China; Technology and Engineering Center for Space Utilization, Chinese Academy of Sciences, Beijing, China; Technology and Engineering Center for Space Utilization, Chinese Academy of Sciences, Beijing, China; Technology and Engineering Center for Space Utilization, Chinese Academy of Sciences, Beijing, China; Technology and Engineering Center for Space Utilization, Chinese Academy of Sciences, Beijing, China",IEEE Transactions on Reliability,"2 Jun 2022","2022","71","2","818","829","System on programmable chip (SOPC) is a kind of system on a programmable chip. The system architecture is superior to the traditional design pattern. The system has an on-chip bus between the processor and the programmable logic, which forms a high bandwidth, low latency, connection, and has rich flexible customization of IP. It also has advantages of low power consumption and high performance. The application in the field of high reliable proportion rising year by year. However, the change of system architecture and the expansion of software scale have brought great impact on the simulation test method and the physical test method. The existing dynamic testing methods are based on limited testing scenarios to investigate the system. It is difficult to find hidden errors in the design of complex connection segments, such as the errors in the on-chip bus transmission, the errors in the hardware and software coupling, and so on. Due to system scale of the state-space explosion problem and various forms IP, SOPC cannot apply formal verification techniques. In this article, we propose a SOPC formalized validation framework. It is based on polymorphous IP abstraction modeling, common formal properties analysis, and modeling methods in system architecture and other high-risk areas. The experimental results show that the proposed algorithm and the established SOPC formal verification framework can introduce the formal verification technique to SOPC high-risk area verification, and it can be used as the guidance of SOPC formal verification.","1558-1721","","10.1109/TR.2022.3166548","","https://ieeexplore.ieee.org/stamp/stamp.jsp?arnumber=9765632","Architecture verification;formal verification;SOPC;various forms IP abstraction","Security;IP networks;Software;Hardware;Testing;System-on-chip;Reliability","","4","","13","IEEE","29 Apr 2022","","","IEEE","IEEE Journals"
"HASCO: Towards Agile HArdware and Software CO-design for Tensor Computation","Q. Xiao; S. Zheng; B. Wu; P. Xu; X. Qian; Y. Liang","School of EECS, Peking University; School of EECS, Peking University; School of EECS, Peking University; School of EECS, Peking University; University of Southern California; School of EECS, Peking University",2021 ACM/IEEE 48th Annual International Symposium on Computer Architecture (ISCA),"4 Aug 2021","2021","","","1055","1068","Tensor computations overwhelm traditional general-purpose computing devices due to the large amounts of data and operations of the computations. They call for a holistic solution composed of both hardware acceleration and software mapping. Hardware/software (HW/SW) co-design optimizes the hardware and software in concert and produces high-quality solutions. There are two main challenges in the co-design flow. First, multiple methods exist to partition tensor computation and have different impacts on performance and energy efficiency. Besides, the hardware part must be implemented by the intrinsic functions of spatial accelerators. It is hard for programmers to identify and analyze the partitioning methods manually. Second, the overall design space composed of HW/SW partitioning, hardware optimization, and software optimization is huge. The design space needs to be efficiently explored. To this end, we propose an agile co-design approach HASCO that provides an efficient HW/SW solution to dense tensor computation. We use tensor syntax trees as the unified IR, based on which we develop a two-step approach to identify partitioning methods. For each method, HASCO explores the hardware and software design spaces. We propose different algorithms for the explorations, as they have distinct objectives and evaluation costs. Concretely, we develop a multi-objective Bayesian optimization algorithm to explore hardware optimization. For software optimization, we use heuristic and Q-learning algorithms. Experiments demonstrate that HASCO achieves a 1.25X to 1.44X latency reduction through HW/SW co-design compared with developing the hardware and software separately.","2575-713X","978-1-6654-3333-4","10.1109/ISCA52012.2021.00086","Research and Development; ","https://ieeexplore.ieee.org/stamp/stamp.jsp?arnumber=9499796","Tensor Computation;hardware-software-co-design","Tensors;Heuristic algorithms;Software algorithms;Syntactics;Hardware;Software;Partitioning algorithms","","50","","87","IEEE","4 Aug 2021","","","IEEE","IEEE Conferences"
"Instruction level and operating system profiling for energy exposed software","A. Sinha; N. Ickes; A. P. Chandrakasan","Electrical Engineering and Computer Science Department, Massachusetts Institute of Technology, Cambridge, MA, USA; Electrical Engineering and Computer Science Department, Massachusetts Institute of Technology, Cambridge, MA, USA; Electrical Engineering and Computer Science Department, Massachusetts Institute of Technology, Cambridge, MA, USA",IEEE Transactions on Very Large Scale Integration (VLSI) Systems,"7 Jan 2004","2003","11","6","1044","1057","Energy conscious software design can significantly improve the energy efficiency of a portable system. A software energy estimation technique using instruction class profiling is presented. The technique is shown to have an estimation error of less than 3% with trivial runtime overhead, based on a set of application programs evaluated on the StrongARM SA-1100 and Hitachi SH-4 microprocessors. A technique to isolate the switching and leakage energy components of software is outlined. The energy overhead of a real-time operating system is also profiled. The overall impact of system-level software energy management is quantified using the MIT /spl mu/AMPS system as an application example.","1557-9999","","10.1109/TVLSI.2003.819569","","https://ieeexplore.ieee.org/stamp/stamp.jsp?arnumber=1255479","","Operating systems;Software systems;Application software;Software design;Energy efficiency;Estimation error;Runtime;Microprocessors;Real time systems;Energy management","","29","2","29","IEEE","7 Jan 2004","","","IEEE","IEEE Journals"
"An Energy Information Gateway for use in residential and commercial environments","D. Arnold; M. Sankur; D. Auslander","Department of Mechanical Engineering, University of California, Berkeley, CA, USA; Department of Mechanical Engineering, University of California, Berkeley, CA, USA; Graduate School in the Department of Mechanical Engineering, University of California, Berkeley, CA, USA",2012 IEEE Power and Energy Society General Meeting,"10 Nov 2012","2012","","","1","8","Growing demands for products which enable consumers to manage their energy use more efficiently has led to the development of Energy Information Gateways, which are just beginning to gain traction in the marketplace. Such devices are envisioned to provide a communications and control infrastructure for appliances within their domain of influence, as well as communication with metering equipment. All relevant energy consumption information is expected to be relayed to the occupant in a practical manner. This paper outlines a software architecture for an EIG which is applicable to both residential and commercial environments. The software package utilizes the highly modular Open Services Gateway Initiative (OSGI) JAVA software framework to allow customization of individual EIG functionality and facilitates interoperability for existing smart grid products. In addition, the software in question provides a connection to external demand response resources and hosts a dynamic web based user interface to facilitate occupant interaction.","1944-9925","978-1-4673-2729-9","10.1109/PESGM.2012.6344698","","https://ieeexplore.ieee.org/stamp/stamp.jsp?arnumber=6344698","Smart Grid;Communications;Demand Response;Demand Side Energy Management;Energy Information Gateway;Residential Energy Gateway","Home appliances;Logic gates;Zigbee;Java;Software;Load management;IEEE 802.11 Standards","","5","","12","IEEE","10 Nov 2012","","","IEEE","IEEE Conferences"
"MAGIC: Magnetic Resonant Coupling for Intra-body Communication","S. Banou; K. Li; K. Chowdhury","Electrical and Computer Engineering Department, Northeastern University, Boston, MA, USA; Electrical and Computer Engineering Department, Northeastern University, Boston, MA, USA; Electrical and Computer Engineering Department, Northeastern University, Boston, MA, USA",IEEE INFOCOM 2020 - IEEE Conference on Computer Communications,"4 Aug 2020","2020","","","1549","1558","This paper proposes MAGIC: magnetic resonant (MR) coupling for intra-body communication between implants and wearables. MAGIC includes not only the hardware-software design of the coupled coils and methods of manipulating the magnetic field for relaying information, but also the ability to raise immediate emergency-related alerts with guaranteed delivery time. MR coupling makes the design of the transmission link robust to channel-related parameters, as the magnetic permeability of skin and muscle is close to that of air. Thus, changes in tissue moisture content and thickness does not impact the design, which is a persistent problem in other approaches for implant communications like RF, ultrasound and galvanic coupling (GC). The paper makes three main contributions: It develops the theory leading to the design of the information relaying coils in MAGIC. It proposes a systems-level design of a communication link that extends up to 50cm with a low expected BER of 10-4. Finally, the paper includes an experimental setup demonstrating how MAGIC operates in air and muscle tissue, as well as a comparison with alternative implant communication technologies, such as classical radio frequency and GC. Results reveal that MAGIC offers instantaneous alerts with up to 5 times lower power consumption compared to other forms of communication.","2641-9874","978-1-7281-6412-0","10.1109/INFOCOM41043.2020.9155421","","https://ieeexplore.ieee.org/stamp/stamp.jsp?arnumber=9155421","","Coils;Magnetic resonance;Couplings;Magnetic separation;Implants;Relays","","10","","33","IEEE","4 Aug 2020","","","IEEE","IEEE Conferences"
"Research on Collaborative Networking Method of 5G Slicing and WiFi6 in Substation Scenarios","C. Xu; J. Sun; S. Zheng; F. Li","State Grid Liaoning Information and Communication Company, Liaoning, China; State Grid Liaoning Information and Communication Company, Liaoning, China; State Grid Liaoning Information and Communication Company, Liaoning, China; State Grid Liaoning Information and Communication Company, Liaoning, China","2023 7th International Conference on Electrical, Mechanical and Computer Engineering (ICEMCE)","16 Apr 2024","2023","","","198","203","This paper presents a collaborative networking approach for 5G slicing and WiFi6 in the context of substations. Based on a new switching algorithm of fuzzy logic, it first proposes a speed-adaptive network discovery method, which can automatically adjust the update frequency of the candidate network according to different speeds of mobile terminals, then proposes a pre-judgment mechanism for fast filtering out the candidate network; then describes the switching decision based on fuzzy logic to determine the optimal network and whether to switch. Finally, it describes the switching execution process in the heterogeneous environment of LET network and WIFI network. The method introduces a software architecture for key network elements and mechanisms for network enhancement, optimizing the energy efficiency of both the information and communication systems within the power grid. This optimization leads to an improved service quality in substations. By integrating WiFi terminal access into the 5G private network, the proposed approach achieves unified authentication, management, and rapid service provisioning for wireless local area network (WLAN) users without native 5G capabilities. This integration enhances mobility support for substations. Simultaneously, the method significantly enhances the uplink bandwidth while reducing network deployment and terminal retrofitting costs within substations. This approach facilitates high-speed and stable network connectivity for substations, supporting various applications such as realtime monitoring, data transmission, remote maintenance, and intelligent device management. Consequently, this advancement is anticipated to enhance the efficiency, reliability, and security of substations.","","979-8-3503-8287-7","10.1109/ICEMCE60359.2023.10490809","","https://ieeexplore.ieee.org/stamp/stamp.jsp?arnumber=10490809","Substation;5G;WiFi6;Collaborative Networking","Fuzzy logic;Substations;5G mobile communication;Federated learning;Software architecture;Switches;Power grids","","","","12","IEEE","16 Apr 2024","","","IEEE","IEEE Conferences"
"A Comparative Study of Software Architectures in Constrained Device IoT Deployments","S. du Plessis; N. Correia","CEOT, University of Algarve, Faro, Portugal; Faculty of Science and Technology, CEOT, University of Algarve, Faro, Portugal",2021 IEEE International Conference on Internet of Things and Intelligence Systems (IoTaIS),"7 Dec 2021","2021","","","35","41","The Internet of Things (IoT) is an area that has consistently seen growth and development and will no doubt continue to do so. One group of IoT devices - constrained devices - has seen significant developments in recent years. With the advent of constrained devices in almost every area of life, e.g. industrial, leisure and medical, this group of devices is well worth studying. Clearly, resource management is a critical aspect to ensure optimal use of such devices. A number of factors can have a significant impact on resource management, such as the operating system and the software architecture.This study aimed to compare the power consumption, runtime performance and memory consumption of two software architectures: microservices and monolithic. The study was conducted using a constrained device, and to ensure that the results are not language-specific, three different programming languages were used: Go, Python and C++. It was found that, for smallscale applications, the monolithic architecture performed better across most metrics. These results may provide valuable insights to engineers for the design and implementation of constrained-device IoT applications. It was recommended that additional research be conducted on larger-scale applications.","","978-1-6654-2035-8","10.1109/IoTaIS53735.2021.9628703","","https://ieeexplore.ieee.org/stamp/stamp.jsp?arnumber=9628703","Internet of Things;resource-constrained devices;software architecture;microservices;monolithic","Performance evaluation;Power demand;Runtime;Software architecture;Memory management;Microservice architectures;C++ languages","","1","","18","IEEE","7 Dec 2021","","","IEEE","IEEE Conferences"
"Contents","",,2012 First International Workshop on Green and Sustainable Software (GREENS),"25 Jun 2012","2012","","","1","1","The following topics are dealt with: green software; sustainable software; CPU energy usage; green mobile cloud applications; GreenIT; data center energy optimization; energy-efficient synchronization; software energy-efficiency measurement; design pattern energy usage; economic impact; and ultra-large-scale green information system architecture.","","978-1-4673-1832-7","10.1109/GREENS.2012.6224261","","https://ieeexplore.ieee.org/stamp/stamp.jsp?arnumber=6224261","","","","","","","IEEE","25 Jun 2012","","","IEEE","IEEE Conferences"
