Title,DOI,Abstract,URLs,Authors,Item type,Journal,Full journal,Publication year,Volume,Issue,Pages,Publisher,Address,Book title,Proceedings title,Conference,Conference location,Conference date,Date published,Date accessed,ISBN,ISBN (alt.),ISSN,ISSN (alt.),Keywords,Copyright,Affiliation,Language,Series
A blessing in disguise? Assessing the Relationship between Code Smells and Sustainability,10.1109/icsme46990.2020.00088,"Code smells have always been associated with bad code source quality and maintenance problems by the research community. However, a few code smells remain within code for years without influence a project, and some of the developers do not even recognize them. This late-breaking idea paper wants to investigate the role of code smells within the context of software quality and the sustainability of projects. For this reason, we first plan to understand the impact of code smells on sustainability and then perform a fine-grain analysis to analyze their evolution, focusing on the possible benefits of their presence.",http://dx.doi.org/10.1109/icsme46990.2020.00088,Catolino G,Conference Paper,,,2020,,,,IEEE,,,2020 IEEE International Conference on Software Maintenance and Evolution (ICSME),2020 IEEE International Conference on Software Maintenance and Evolution (ICSME),"Adelaide, Australia",2020/9/28-2020/10/2,2020-09,,9.78173E+12,,,,,https://ieeexplore.ieee.org/Xplorehelp/downloads/license-information/IEEE.html,,,
A green computing based architecture comparison and analysis,10.1109/greencom-cpscom.2010.110,"With rising energy cost and growing environmental concerns, green computing is receiving more and more attention. Software and system architectures ( in terms of concurrency patterns) play a crucial role in both computing and telecommunication systems, and they have been analyzed for performance, reliability, maintainability, and security. Yet, little work on analysis based on the amount of energy that the CPU/processor will consume has been reported. Since most communication systems have to run 24/7 (e.g., most server farms, servers in a cloud computing infrastructure), the energy consumption of a system based on a specific software architecture is of great importance. For example, high energy consuming always leads to higher operational cost of the system. High energy consumption also implies more heat produced, thus, more power is required for cooling-down. In this paper, we propose a model that can be used to analyze the energy consumption of a software architecture, given the CPU/processor that will be used. Thus, this model gives one an additional dimension to compare competing software architectures. We present a case study using a generic sender/receiver communication system to evaluate two architectural alternatives with emphasis on energy consumption",http://dx.doi.org/10.1109/greencom-cpscom.2010.110,"Zhong B,Feng M,Lung CH",Conference Paper,,,2010,,,,IEEE,,,"2010 IEEE/ACM Int'l Conference on Green Computing and Communications & Int'l Conference on Cyber, Physical and Social Computing","Int'l Conference on Cyber, Physical and Social Computing (CPSCom)","Hangzhou, China",2010/12/18-2010/12/20,2010-12,,9.78142E+12,,,,,,,,
A preliminary study of the impact of software engineering on GreenIT,10.1109/greens.2012.6224251,"GreenIT has emerged as a discipline concerned with the optimization of software solutions with regards to their energy consumption. In this domain, most of state-of-the-art solutions offer limited or constraining approaches to monitor the energy consumption of a device or a process. In this paper, we therefore report on a runtime energy monitoring framework we developed to easily report on the energy consumption of system processes. Concretely, our approach adopts an OS-level library, called PowerAPI, which estimates the power consumption of processes according to different dimensions (CPU, network, etc.). In order to better understand potential energy leaks of legacy software, we use this library to study the impact of programming languages and algorithmic choices on the energy consumption. This preliminary study is based on an empirical evaluation of a eight implementations of the Towers of Hanoi problem.",http://dx.doi.org/10.1109/greens.2012.6224251,"Noureddine A,Bourdon A,Rouvoy R,Seinturier L",Conference Paper,,,2012,,,,IEEE,,,2012 First International Workshop on Green and Sustainable Software (GREENS),2012 First International Workshop on Green and Sustainable Software (GREENS),"Zurich, Switzerland",2012/6/3-2012/6/3,2012-06,,9.78147E+12,9.78147E+12,,,,,,,
A process for analysing the energy efficiency of software,10.1016/j.infsof.2021.106560,"Context: It is essential to be aware of the energy efficiency of software when it is running, so that it can be improved; to that end, energy consumption measurements need to be carried out. To ensure that these mea- surements are as reliable as possible, it is recommended that a well-defined process be followed. Objective: To identify how the process for analysing the energy efficiency of software should be carried out (including the definition of the software to be evaluated, the selection of measuring instruments, the analysis and the presentation of results, etc.), in an endeavour to improve the reliability and consistency of the information obtained regarding energy efficiency. Method: An analysis of related work was carried out, to extract some good practices in measuring energy con- sumption; based on our experience, a process to analyse the energy efficiency of the software has been defined. Results: We have defined a process to analyse the energy efficiency of the software. We describe this process through a set of phases that covers all the steps needed to carry out a correct analysis of the energy consumption of the software executed. Moreover, this process was validated with two different studies using different mea- surement instruments (one with a hardware-based approach and one with a software-based approach) to ensure its applicability to all types of studies with software energy consumption measurement. Conclusion: The steps to be followed to analyse the energy efficiency of the software need to be established. A new process has hence been defined to improve the reliability and consistency of the measurements. Furthermore, this process facilitates the replicability and comparison of the studies carried out.",http://dx.doi.org/10.1016/j.infsof.2021.106560,"Mancebo J,Garcia F,Calero C",Journal Article,Inf. Softw. Technol.,Information and Software Technology,2021,134,106560,106560,Elsevier BV,,,,,,,2021-06,,,,0950-5849,1873-6025,,,,en,
A study of energy-aware implementation techniques: Redistribution of computational jobs in mobile apps,10.1016/j.suscom.2014.11.005,"As devices like smartphones and tablets have been adopted by millions of users, the offer of mobile software products and services has as well evolved significantly. Current mobile software products require hardware resources, computer job and network connectivity that is reflected in increasing power needs. This power demand represents a major challenge to the strong autonomy requirement of mobile devices, powered by batteries. As a consequence, one of the most important qualities of mobile software development is the ability to produce applications that consume energy resources wisely. To accomplish this goal, different approaches have been proposed, including energy-aware software design and implementation techniques. The energy aware software design techniques considered in this work are two: Method Reallocation, which refers to the placement of pieces of code in different execution scopes within a single target (e.g., kernel space, application space, shared library space), and Method Offloading, which refers to the placement of pieces of code in external resources in different scopes (for instance a remote server). Both techniques aim to economize resources like processing power, and memory usage, but always upon the expenses carried by interfacing, communication and network overhead. Our goal is to investigate how each one can contribute to reduce the overall energy consumption of a mobile software application. As an experiment, we utilized a mobile application that runs software benchmarks coded in Java and C. We exercised the benchmarks in different execution scopes within the handheld target and a remote server counterpart, measuring the amount of energy required to complete each job. After determining the energy consumed by each routine for each execution scope, we identified in what cases it is convenient to reallocate the processing job, and when it is advisable to offload it to an external execution environment.",http://dx.doi.org/10.1016/j.suscom.2014.11.005,"Corral L,Georgiev AB,Sillitti A,Succi G",Journal Article,Sustain. Comput. Inform. Syst.,Sustainable Computing Informatics and Systems,2015,7,,23-Nov,Elsevier BV,,,,,,,2015-09,,,,2210-5379,2210-5387,,,,,
An empirical analysis of energy consumption of cross-platform frameworks for mobile development,10.1016/j.pmcj.2016.10.004,"The increasing fragmentation of mobile devices market has created the problem of supporting all the possible mobile platforms to reach the highest number of potential users. One possible solution is to use cross-platform frameworks, that let develop only one application that is then deployed to all the supported target platforms. Currently available cross-platform frameworks follow different approaches to deploy the final application, and all of them has pros and cons. In this paper, we evaluate and compare together the current frameworks for cross-platform mobile development considering one of the most important aspect when dealing with mobile devices: energy consumption. Our analysis shows and measure how the adoption of cross-platform frameworks impacts energy consumption with respect to the native mobile development, identifies which are the most consuming tasks, and tries to define a final rank among all the different approaches. Moreover, we highlight future development necessary to improve performances of cross-platform frameworks to reach native development performances.",http://dx.doi.org/10.1016/j.pmcj.2016.10.004,"Ciman M,Gaggi O",Journal Article,Pervasive Mob. Comput.,Pervasive and Mobile Computing,2017,39,,214-230,Elsevier BV,,,,,,,2017-08,,,,1574-1192,1873-1589,,,,,
An energy consumption framework for distributed java-based systems,10.1145/1321631.1321699,"In this paper we define and evaluate a framework for estimating the energy consumption of Java-based software systems. Our primary objective in devising the framework is to enable an engineer to make informed decisions when adapting a system's architecture, such that the energy consumption on hardware devices with a finite battery life is reduced, and the lifetime of the system's key software services increases. Our framework explicitly takes a component-based perspective, which renders it well suited for a large class of today's distributed, embedded, and pervasive applications. The framework allows the engineer to estimate the software system's energy consumption at system construction-time and refine it at runtime. In a large number of distributed application scenarios, the framework showed very good precision on the whole, giving results that were within 5% (and often less) of the actually measured power losses incurred by executing the software. Our work to date has also highlighted a number of possible enhancements",http://dx.doi.org/10.1145/1321631.1321699,"Seo C,Malek S,Medvidovic N",Conference Paper,,,2007,,,,ACM,"New York, NY, USA",,Proceedings of the twenty-second IEEE/ACM international conference on Automated software engineering,ASE07: International Conference on Automated Software Engineering 2007,Atlanta Georgia USA,2007/11/5-2007/11/9,11/5/07,,9.7816E+12,,,,,,"University of Southern California, Los Angeles, CA; George Mason University, Fairfax, VA",,
An energy efficiency study of web-based communication in android phones,10.1155/2019/8235458,"Currently, mobile devices are the most popular pervasive computing devices, and they are becoming the primary way for accessing Internet. Battery is a critical resource in such personal computing gadgets, network communications being one of the primary energy consuming activities in any mobile app. Indeed, as web-based communication is the most used explicitly or implicitly by mobile devices, HTTP-based traffic is the most power demanding one. So, mobile web developers should be aware of how much energy demands the different web-based communication alternatives. The goal of this paper is to measure and compare the energy consumption of three asynchronous HTTP-based methods in mobile devices in different browsers. Our experiments focus on three HTTP-based asynchronous communication models that allow a web server to push data to a client browser through a HTTP/1.1 interaction: Polling, Long Polling, and WebSockets. The resulted measurements are then analysed to get more accurate understanding of the impact of the selected method, and the mobile browser, in the energy consumption of the asynchronous HTTP-based communication. The utility of these experiments is to show developers what are the factors and settings that mostly influence the energy consumption when different web-based asynchronous communication methods are used, helping them to choose the most beneficial solution if possible. With this information, mobile web developers should be able to reduce the power consumption of the front-end of web applications for mobile devices, just selecting and configuring the best asynchronous method or mobile browser, improving the performance of HTTP-based communication in terms of energy demand.",http://dx.doi.org/10.1155/2019/8235458,"Ayala I,Amor M,Fuentes L",Journal Article,Sci. Program.,Scientific Programming,2019,2019,,19-Jan,Hindawi Limited,,,,,,,4/4/19,,,,1058-9244,1875-919X,,,"Lenguajes y Ciencias de la Computaci√≥n, Universidad de M√°laga, Andaluc√≠a Tech, M√°laga 29071, Spain",en,
An investigation into energy-saving programming practices for Android smartphone app development,10.1145/2593743.2593750,"Developing energy efficient mobile applications is an impor- tant goal for software developers as energy usage can di- rectly affect the usability of a mobile device. Unfortunately, developers lack guidance as to how to improve the energy efficiency of their implementation and which practices are most useful. In this paper we conducted a small-scale em- pirical evaluation of commonly suggested energy-saving and performance-enhancing coding practices. In the evaluation we evaluated the degree to which these practices were able to save energy as compared to their unoptimized code coun- terparts. Our results provide useful guidance for mobile app developers. In particular, we found that bundling network packets up to a certain size and using certain coding prac- tices for reading array length information, accessing class fields, and performing invocations all led to reduced energy consumption. However, other practices, such as limiting memory usage had a very minimal impact on energy us- age. These results serve to inform the developer community about specific coding practices that can help lower the over- all energy consumption and improve the usability of their applications.",http://dx.doi.org/10.1145/2593743.2593750,"Li D,Halfond WG",Conference Paper,,,2014,,,,ACM,"New York, NY, USA",,Proceedings of the 3rd International Workshop on Green and Sustainable Software,ICSE '14: 36th International Conference on Software Engineering,Hyderabad India,2014/6/1-2014/6/1,2014-06,,9.78145E+12,,,,,,"University of Southern California, USA",,
An IoT edge computing system architecture and its application,10.1109/icnsc48988.2020.9238096,"As the number of devices connected to the Internet of things (IoT) surges, the amount of data explodes. Therefore it not only increases the bandwidth load of data transmission but also aggravates the computing and storage load of a cloud platform. At the same time, the traditional computing paradigm centered on cloud computing cannot meet the real-time requirements in many application scenarios. The emergence of edge computing can solve the problems of realtime data processing and network bandwidth occupation in the current IoT scene. In this paper, according to the characteristics of IoT, such as fragmented data, heterogeneous network, and limited energy consumption, the architecture of an IoT edge computing system is constructed to suit better an IoT scene. In addition, the application of edge computing key technologies such as virtualization, edge intelligence, computing offload, collaborative scheduling and micro-services in resource-constrained IoT scenarios is analyzed in detail. Finally, the functions and application of energy consumption monitoring and optimization to a central air-conditioning system are analyzed and summarized, which is a typical application of edge computing in the context of the IoT.",http://dx.doi.org/10.1109/icnsc48988.2020.9238096,"Chen S,Li Q,Zhang H,Zhu F,Xiong G,Tang Y",Conference Paper,,,2020,,,,IEEE,,,"2020 IEEE International Conference on Networking, Sensing and Control (ICNSC)","2020 IEEE International Conference on Networking, Sensing and Control (ICNSC)","Nanjing, China",2020/10/30-2020/11/2,10/30/20,,9.78173E+12,9.78173E+12,,,,https://ieeexplore.ieee.org/Xplorehelp/downloads/license-information/IEEE.html,,,
Analysis and evaluation of the android best practices impact on the efficiency of mobile applications,10.1109/sbesc.2013.39,"This paper evaluates the impacts of two most promising Android best practices regarding performance and energy consumption. In the experiments, the practices are applied to the code of an Android application and the code efficiency on different mobile devices is analyzed. Experimental results indicate that the use of the most appropriate for syntax and the avoiding getters/setters improves the Android codes efficiency.",http://dx.doi.org/10.1109/sbesc.2013.39,"Tonini AR,Fischer LM,Mattos JC,Brisolara LB",Conference Paper,,,2013,,,,IEEE,,,2013 III Brazilian Symposium on Computing Systems Engineering,2013 III Brazilian Symposium on Computing Systems Engineering (SBESC),"Niteroi, Rio De Janeiro, Brazil",2013/12/4-2013/12/8,2013-11,,9.78148E+12,,,,,,,,
Analyzing the harmful effect of god class refactoring on power consumption,10.1109/ms.2014.23,"Energy efficiency and other sustainability issues are common concerns in the material production industries but rarely addressed in software development efforts. Instead, traditional software development life cycles and methodologies place an emphasis on maintainability and other intrinsic software quality features. One standard practice is to improve maintainability by detecting bad smells in a system's architecture and then applying refactoring transformations to deal with those smells. The refactoring research area is sufficiently mature for most techniques to achieve more maintainable system architectures, but the authors argue that they can also lead to both decreased sustainability and increased power consumption. Accordingly, this article analyzes the relationship between architecture sustainability and maintainability by providing empirical evidence of how power consumption increases after refactoring.",http://dx.doi.org/10.1109/ms.2014.23,"Perez-Castillo R,Piattini M",Journal Article,IEEE Softw.,IEEE Software,2014,31,3,48-54,Institute of Electrical and Electronics Engineers (IEEE),,,,,,,2014-05,,,,0740-7459,1937-4194,,,,,
APE: an annotation language and middleware for energy-efficient mobile application development,10.1145/2568225.2568288,"Energy-efficiency is a key concern in continuously-running mobile applications, such as those for health and context monitoring. Unfortunately, developers must implement complex and customized power-management policies for each application. This involves the use of complex primitives and writing error-prone multithreaded code to monitor hardware state. To address this problem, we present APE, an annotation language and middleware service that eases the development of energy-efficient Android applications. APE annotations are used to demarcate a power-hungry code segment whose execution is deferred until the device enters a state that minimizes the cost of that operation. The execution of power-hungry operations is coordinated across applications by the APE middleware. Several examples show the expressive power of our approach. A case study of using APE annotations in a real mobile sensing application shows that annotations can cleanly specify a power management policy and reduce the complexity of its implementation. An empirical evaluation of the middleware shows that APE introduces negligible overhead and equals hand-tuned code in energy savings, in this case achieving 63.4% energy savings compared to the case when there is no coordination.",http://dx.doi.org/10.1145/2568225.2568288,"Nikzad N,Chipara O,Griswold WG",Conference Paper,,,2014,,,,ACM,"New York, NY, USA",,Proceedings of the 36th International Conference on Software Engineering,ICSE '14: 36th International Conference on Software Engineering,Hyderabad India,2014/5/31-2014/6/7,5/31/14,,9.78145E+12,,,,,,"University of California at San Diego, USA; University of Iowa, USA",,
Assessing the impact of service workers on the energy efficiency of progressive web apps,10.1109/mobilesoft.2017.7,"Context. Mobile web apps represent a large share of the Internet today. However, they still lag behind native apps in terms of user experience. Progressive Web Apps (PWAs) are a new technology introduced by Google that aims at bridging this gap, with a set of APIs known as service workers at its core. Goal. In this paper, we present an empirical study that evaluates the impact of service workers on the energy efficiency of PWAs, when operating in different network conditions on two different generations of mobile devices. Method. We designed an empirical experiment with two main factors: the use of service workers and the type of network available (2G or WiFi). We performed the experiment by running a total of 7 PWAs on two devices (an LG G2 and a Nexus 6P) that we evaluated as blocking factor. Our response variable is the energy consumption of the devices. Results. Our results show that service workers do not have a significant impact over the energy consumption of the two devices, regardless of the network conditions. Also, no interaction was detected between the two factors. However, some patterns in the data show different behaviors among PWAs. Conclusions. This paper represents a first empirical investigation on PWAs. Our results show that the PWA and service workers technology is promising in terms of energy efficiency.",http://dx.doi.org/10.1109/mobilesoft.2017.7,"Malavolta I,Procaccianti G,Noorland P,Vukmirovic P",Conference Paper,,,2017,,,,IEEE,,,2017 IEEE/ACM 4th International Conference on Mobile Software Engineering and Systems (MOBILESoft),2017 IEEE/ACM 4th International Conference on Mobile Software Engineering and Systems (MOBILESoft),"Buenos Aires, Argentina",2017/5/22-2017/5/23,2017-05,,9.78154E+12,,,,,,,,
Automated energy optimization of HTTP requests for mobile applications,10.1145/2884781.2884867,"Energy is a critical resource for apps that run on mobile devices. Among all operations, making HTTP requests is one of the most energy consuming. Previous studies have shown that bundling smaller HTTP requests into a single larger HTTP request can be an effective way to improve energy efficiency of network communication, but have not defined an automated way to detect when apps can be bundled nor to transform the apps to do this bundling. In this paper we propose an approach to reduce the energy consumption of HTTP requests in Android apps by automatically detecting and then bundling multiple HTTP requests. Our approach first detects HTTP requests that can be bundled using static analysis, then uses a proxy based technique to bundle HTTP requests at runtime. We evaluated our approach on a set of real world marketplace Android apps. In this evaluation, our approach achieved an average energy reduction of 15% for the subject apps and did not impose a significant runtime overhead on the optimized apps.",http://dx.doi.org/10.1145/2884781.2884867,"Li D,Lyu Y,Gui J,Halfond WG",Conference Paper,,,2016,,,249-260,ACM,"New York, NY, USA",,Proceedings of the 38th International Conference on Software Engineering,ICSE '16: 38th International Conference on Software Engineering,Austin Texas,2016/5/14-2016/5/22,5/14/16,,9.78145E+12,,,,,http://www.acm.org/publications/policies/copyright_policy#Background,"University of Southern California, Los Angeles, California",,
Caching to reduce mobile app energy consumption,10.1145/3125778,"Mobile applications consume device energy for their operations, and the fast rate of battery depletion on mobile devices poses a major usability hurdle. After the display, data communication is the second-biggest consumer of mobile device energy. At the same time, software applications that run on mobile devices represent a fast-growing product segment. Typically, these applications serve as front-end display mechanisms, which fetch data from remote servers and display the information to the user in an appropriate format‚Äîincurring significant data communication overheads in the process. In this work, we propose methods to reduce energy overheads in mobile devices due to data communication by leveraging data caching technology. A review of existing caching mechanisms revealed that they are primarily designed for optimizing response time performance and cannot be easily ported to mobile devices for energy savings. Further, architectural differences between traditional client-server and mobile communications infrastructures make the use of existing caching technologies unsuitable in mobile devices. In this article, we propose a set of two new caching approaches specifically designed with the constraints of mobile devices in mind: (a) a response caching approach and (b) an object caching approach. Our experiments show that, even for a small cache size of 250MB, object caching can reduce energy consumption on average by 45% compared to the no-cache case, and response caching can reduce energy consumption by 20% compared to the no-cache case. The benefits increase with larger cache sizes. These results demonstrate the efficacy of our proposed method and raise the possibility of significantly extending mobile device battery life.",http://dx.doi.org/10.1145/3125778,"Dutta K,Vandermeer D",Journal Article,ACM Trans. Web,ACM Transactions on the Web,2018,12,1,30-Jan,Association for Computing Machinery (ACM),,,,,,,2/28/18,,,,1559-1131,1559-114X,,https://www.acm.org/publications/policies/copyright_policy#Background,"University of South Florida, Tampa, USA; Florida International University, Miami, USA",en,
Calculating source line level energy information for Android applications,10.1145/2483760.2483780,"The popularity of mobile apps continues to grow as developers take advantage of the sensors and data available on mobile devices. However, the increased functionality comes with a higher energy cost, which can cause a problem for users on battery constrained mobile devices. To improve the energy consumption of mobile apps, developers need detailed information about the energy consumption of their applications. Existing techniques have drawbacks that limit their usefulness or provide information at too high of a level of granularity, such as components or methods. Our approach is able to calculate source line level energy consumption information. It does this by combining hardware-based power measurements with program analysis and statistical modeling. Our empirical evaluation of the approach shows that it is fast and accurate.",http://dx.doi.org/10.1145/2483760.2483780,"Li D,Hao S,Halfond WG,Govindan R",Conference Paper,,,2013,,,,ACM,"New York, NY, USA",,Proceedings of the 2013 International Symposium on Software Testing and Analysis,ISSTA '13: Iitsnternational Symposium on Software Testing and Analysis,Lugano Switzerland,2013/7/15-2013/7/20,7/15/13,,9.78145E+12,,,,,,"University of Southern California, USA",,
Catalog of energy patterns for mobile applications,10.1007/s10664-019-09682-0,"Software engineers make use of design patterns for reasons that range from performance to code comprehensibility. Several design patterns capturing the body of knowledge of best practices have been proposed in the past, namely creational, structural and behavioral patterns. However, with the advent of mobile devices, it becomes a necessity a catalog of design patterns for energy efficiency. In this work, we inspect commits, issues and pull requests of 1027 Android and 756 iOS apps to identify common practices when improving energy efficiency. This analysis yielded a catalog, available online, with 22 design patterns related to improving the energy efficiency of mobile apps. We argue that this catalog might be of relevance to other domains such as Cyber-Physical Systems and Internet of Things. As a side contribution, an analysis of the differences between Android and iOS devices shows that the Android community is more energy-aware.",http://dx.doi.org/10.1007/s10664-019-09682-0,"Cruz L,Abreu R",Journal Article,Empir. Softw. Eng.,Empirical Software Engineer,2019,24,4,2209-2235,Springer Science and Business Media LLC,,,,,,,2019-08,,,,1382-3256,1573-7616,,,,en,
Characterizing energy-aware software projects: Are they different?,,"The improvement in battery technology for battery-driven devices is insignificant compared to their computing ability. In spite of the overwhelming advances in processing ability, adoption of sophisticated applications is hindered by the fear of shorter battery life. This is one of the several reasons software developers are becoming conscious of writing energy efficient code. Research has been conducted to model software energy consumption, to reduce energy drains, and to understand developers expertise on energy efficiency. In this paper, however, we investigate the nature of energy-aware software projects. We observed that projects concerned with energy issues are larger and more popular than the projects that do not address energy consumption. Energy related code changes are larger than others (e.g., bug fixes). In addition, our initial results suggest that energy efficiency is mostly addressed on certain platforms and applications.",https://ieeexplore.ieee.org/document/7832937,"Chowdhury SA, Hindle A",Conference Paper,,,2016,,,508-511,IEEE,,,2016 IEEE/ACM 13th Working Conference on Mining Software Repositories (MSR),,,,2016-05,,9.78145E+12,9.78151E+12,,,,,,,
Characterizing the performance and energy efficiency of lock-free data structures,10.1109/interact.2011.13,"Accesses to shared data structures in multithreaded programs must be correctly synchronized to ensure data consistency and integrity. However, this synchronization between threads is a common source of performance problems in multithreaded applications. Lock-free data structures are an alternative to traditional synchronization methods that have potential for not only better performance and scalability, but better energy efficiency as well.This paper presents a study of the relationship between the performance and energy consumption of various lock-free data structures based on the compare-and-swap primitive. We give a head-to-head comparison of lock-free and locking implementations of three data structures executing a set of highly contentious workloads. We compare the execution time, peak power and total energy consumption of each and explain these results with the help of hardware performance counters. Our results show that under these workloads, the lock-free variants often perform better and use less energy then their traditional locking implementations.",http://dx.doi.org/10.1109/interact.2011.13,"Hunt N,Sandhu PS,Ceze L",Conference Paper,,,2011,,,,IEEE,,,2011 15th Workshop on Interaction between Compilers and Computer Architectures,2011 INTERACT-15: 15th Workshop on Interaction between Compilers and Computer Architectures,"San Antonio, TX, USA",2011/2/12-2011/2/12,2011-02,,9.78146E+12,,,,,,,,
"Choosing the ""best"" Sorting Algorithm for Optimal Energy Consumption",10.5220/0002245401990206,"Reducing the energy consumption of mobile systems in order to prolong their operating time has been an active research topic for quite some time. Such systems are typically battery powered and thus, their uptime depends on the energy consumption of the used hardware and software components. Novel strategies that allow software systems to dynamically adapt themselves at runtime can be effectively used to reduce energy consumption. The focus of this paper is based on a case study that uses an energy management component that can dynamically choose the “best” sorting algorithm during a multi-party mobile communication. The results indicate that Insertionsort is the most optimal sorting algorithm when in comes to saving energy.",http://dx.doi.org/10.5220/0002245401990206;https://www.scitepress.org/papers/2009/22454/22454.pdf,"Bunse C, Höpfner H, Roychoudhury S, and Mansour E",Conference Paper,,,2009,,,,SciTePress - Science and and Technology Publications,,,Proceedings of the 4th International Conference on Software and Data Technologies,4th International Conference on Software and Data Technologies,"Sofia, Bulgaria",2009/7/26-2009/7/29,2009,3/23/26,9.7899E+12,9.7899E+12,,,,,,,
Classifying green software engineering - the GREENSOFT model,10.1007/s40568-013-0027-z,,http://dx.doi.org/10.1007/s40568-013-0027-z,"Naumann S,Kern E,Dick M",Journal Article,Softwaretechnik-Trends,Softwaretechnik-Trends,2013,33,2,18-19,Springer Science and Business Media LLC,,,,,,,2013-05,,,,0720-8928,,,,,en,
Client-side energy efficiency of HTTP/2 for web and mobile app developers,10.1109/saner.2016.77,"Recent technological advancements have enabledmobile devices to provide mobile users with substantial capabilityand accessibility. Energy is evidently one of the most criticalresources for such devices, in spite of the substantial gain inpopularity of mobile devices, such as smartphones, their utilityis severely constrained by the bounded battery capacity. Mobileusers are very interested in accessing the Internet although it isone of the most expensive operations in terms of energy and cost. HTTP/2 has been proposed and accepted as the new standardfor supporting the World Wide Web. HTTP/2 is expected tooffer better performance, such as reduced page load time. Consequently, from the mobile users point of view, the question arises:does HTTP/2 offer improved energy consumption performanceachieving longer battery life?In this paper, we compare the energy consumption of HTTP/2with its predecessor (i.e., HTTP/1.1) using a variety of realworld and synthetic test scenarios. We also investigate howTransport Layer Security (TLS) impacts the energy consumptionof the mobile devices. Our study suggests that Round TripTime (RTT) is one of the biggest factors in deciding howadvantageous HTTP/2 is compared to HTTP/1.1. We concludethat for networks with higher RTTs, HTTP/2 has better energyconsumption performance than HTTP/1.1.",http://dx.doi.org/10.1109/saner.2016.77,"Chowdhury SA,Sapra V,Hindle A",Conference Paper,,,2016,,,,IEEE,,,"2016 IEEE 23rd International Conference on Software Analysis, Evolution, and Reengineering (SANER)","2016 IEEE 23rd International Conference on Software Analysis, Evolution and Reengineering (SANER)",Suita,2016/3/14-2016/3/18,2016-03,,9.78151E+12,,,,,,,,
Comparing the energy consumption of WebAssembly and JavaScript in mobile browsers,10.5220/0012205600003584,"With WebAssembly, a new web technology has been developed that allows compiled bytecode to be executed directly in the browser, which, unlike JavaScript code, does not have to be initially compiled by the browser and can therefore be executed faster. This allows the development of complex web applications. A challenge for these complex web applications is the increasing importance of mobile devices and their limited battery capacity. The goal of this study is to determine whether the energy consumption of web applications can be reduced by using WebAssembly instead of JavaScript. For this purpose, an automated experiment was performed on Android smartphones with different algorithms using WebAssembly and JavaScript using common browsers. The energy consumption was measured hardware-based with the Monsoon HVPM measuring device. The results show that WebAssembly consumes about 20% to 30% less energy than JavaScript. In addition, differences between the two tested browsers, Chrome and Firefox, in the energy consumption of JavaScript and WebAssembly were found. This potential reduction of energy consumption also allows to reduce the user’s CO2 footprint. The flexible study design used, allows for further investigations with other types of devices and other compilers",http://dx.doi.org/10.5220/0012205600003584,"Pockstaller D,Huber S,Demetz L",Conference Paper,,,2023,,,121-127,SCITEPRESS - Science and Technology Publications,,,Proceedings of the 19th International Conference on Web Information Systems and Technologies,19th International Conference on Web Information Systems and Technologies,"Rome, Italy",2023/11/15-2023/11/17,2023,,,,,,,,"University of Applied Sciences Kufstein, 6330 Kufstein, Austria, --- Select a Country ---; University of Innsbruck, 6020 Innsbruck, Austria, --- Select a Country ---",,
Compiler-directed high-level energy estimation and optimization,10.1145/1113830.1113835,"The demand for high-performance architectures and powerful battery-operated mobile devices has accentuated the need for power optimization. While many power-oriented hardware optimization techniques have been proposed and incorporated in current systems, the increasingly critical power constraints have made it essential to look for software-level optimizations as well. The compiler can play a pivotal role in addressing the power constraints of a system as it wields a significant influence on the application's runtime behavior. This paper presents a novel Energy-Aware Compilation (EAC) framework that estimates and optimizes energy consumption of a given code, taking as input the architectural and technological parameters, energy models, and energy/performance/code size constraints. The framework has been validated using a cycle-accurate architectural-level energy simulator and found to be within 6% error margin while providing significant estimation speedup. The estimation speed of EAC is the key to the number of optimization alternatives that can be explored within a reasonable compilation time. As shown in this paper, EAC allows compiler writers and system designers to investigate power-performance tradeoffs of traditional compiler optimizations and to develop energy-conscious high-level code transformations.",http://dx.doi.org/10.1145/1113830.1113835,"Kadayif I,Kandemir M,Chen G,Vijaykrishnan N,Irwin MJ,Sivasubramaniam A",Journal Article,ACM Trans. Embed. Comput. Syst.,ACM Transactions on Embedded Computing Systems,2005,4,4,819-850,Association for Computing Machinery (ACM),,,,,,,2005-11,,,,1539-9087,1558-3465,,,"The Pennsylvania State University, University Park, PA",en,
Component-level energy consumption estimation for distributed java-based software systems,10.1007/978-3-540-87891-9_7,Component-level energy consumption estimation for distributed java-based software systems,http://dx.doi.org/10.1007/978-3-540-87891-9_7,"Seo C,Malek S,Medvidovic N",Book Chapter,,,2008,,,97-113,Springer Berlin Heidelberg,"Berlin, Heidelberg",Component-Based Software Engineering,,,,,2008,,9.78354E+12,9.78354E+12,0302-9743,1611-3349,,,,,Lecture Notes in Computer Science
Creating environmental awareness in service oriented software engineering,10.1007/978-3-642-19394-1_19,"Carbon emission of IT is an issue. ICT energy consumption is expected to grow by 73% (instead of the originally targeted 26%) until 2020, and the service sector alone counts for 70% of the European economy. Energy consumption is a combination of what we use, and how we use it. Most green initiatives look at what types of devices do consume energy, and try to optimize their up-time as such. Few initiatives, though, measure how do software systems actually use these devices, with the goal of optimizing consumption of devices and computing resources. Basic research is needed to address this software optimization problem. The proposed approach is to make visible the environmental impact of software services by measuring it. In this way, we will become aware of the amount of energy needed by our software, and hence learn how to target software optimization where it is mostly needed. As a first step in this direction, in this paper we define three main problem areas to realize green service-based applications, and propose a service-oriented approach to address them. Thanks to that we can bring clarity in what entails managing and developing green software according to environmental strategies",http://dx.doi.org/10.1007/978-3-642-19394-1_19,"Lago P,Jansen T",Book Chapter,,,2011,,,181-186,Springer Berlin Heidelberg,"Berlin, Heidelberg",Service-Oriented Computing,,,,,2011,,9.78364E+12,9.78364E+12,0302-9743,1611-3349,,,,,Lecture Notes in Computer Science
Data-oriented characterization of application-level energy optimization,10.1007/978-3-662-46675-9_21,"Empowering application programmers to make energy-aware decisions is a critical dimension of energy optimization for computer systems. In this paper, we study the energy impact of alternative data management choices by programmers, such as data access patterns, data precision choices, and data organization. Second, we attempt to build a bridge between application-level energy management and hardware-level energy management, by elucidating how various application-level data management features respond to Dynamic Voltage and Frequency Scaling (DVFS). Finally, we apply our findings to real-world applications, demonstrating their potential for guiding application-level energy optimization. The empirical study is particularly relevant in the Big Data era, where data-intensive applications are large energy consumers, and their energy efficiency is strongly correlated to how data are maintained and handled in programs.",http://dx.doi.org/10.1007/978-3-662-46675-9_21,"Liu K,Pinto G,Liu YD",Book Chapter,,,2015,,,316-331,Springer Berlin Heidelberg,"Berlin, Heidelberg",Fundamental Approaches to Software Engineering,,,,,2015,,9.78366E+12,9.78366E+12,0302-9743,1611-3349,,,,,Lecture Notes in Computer Science
"Definition, implementation and validation of energy code smells: an exploratory study on an embedded system",,"Optimizing software in terms of energy efficiency is one of the challenges that both research and industry will have to face in the next few years.We consider energy efficiency as a software product quality characteristic, to be improved through the refactoring of appropriate code pattern: the aim of this work is identifying those code patterns, hereby defined as Energy Code Smells, that might increase the impact of software over power consumption. For our purposes, we perform an experiment consisting in the execution of several code patterns on an embedded system. These code patterns are executed in two versions: the first one contains a code issue that could negatively impact power consumption, the other one is refactored removing the issue. We measure the power consumption of the embedded device during the execution of each code pattern. We also track the execution time to investigate whether Energy Code Smells are also Performance Smells. Our results show that some Energy Code Smells actually have an impact over power consumption in the magnitude order of micro Watts. Moreover, those Smells did not introduce a performance decrease.",https://www.researchgate.net/publication/236593463_Definition_implementation_and_validation_of_energy_code_smells_an_exploratory_study_on_an_embedded_system,"Vetro A, Ardito L, Procaccianti G and Morisio M",Conference Paper,"ENERGY 2013 : The Third International Conference on Smart Grids, Green Communications and IT Energy-aware Technologies",,2013,,,,,,,,,,,13-Mar,3/23/26,,,,,,,,,
Development and evaluation of a reference measurement model for assessing the resource and energy efficiency of software products and components‚ÄîGreen Software Measurement Model (GSMM),10.1016/j.future.2024.01.033,"In the past decade, research on measuring and assessing the environmental impact of software has gained significant momentum in science and industry. However, due to the large number of research groups, measurement setups, procedure models, tools, and general novelty of the research area, a comprehensive research framework has yet to be created. The literature documents several approaches from researchers and practitioners who have developed individual methods and models, along with more general ideas like the integration of software sustainability in the context of the UN Sustainable Development Goals, or science communication approaches to make the resource cost of software transparent to society. However, a reference measurement model for the energy and resource consumption of software is still missing. In this article, we jointly develop the Green Software Measurement Model (GSMM), in which we bring together the core ideas of the measurement models, setups, and methods of over 10 research groups in four countries who have done pioneering work in assessing the environmental impact of software. We briefly describe the different methods and models used by these research groups, derive the components of the GSMM from them, and then we discuss and evaluate the resulting reference model. By categorizing the existing measurement models and procedures and by providing guidelines for assimilating and tailoring existing methods, we expect this work to aid new researchers and practitioners who want to conduct measurements for their individual use cases.",http://dx.doi.org/10.1016/j.future.2024.01.033,"Guldner A, Bender R, Calero C, Fernando GS, Funke M, Gröger J, Hilty LM, Hörnschemeyer J, Hoffmann GD, Junger D, Kennes T, Kreten S, Lago P, Mai F, Malavolta I, Murach J, Obergöker K, Schmidt B, Tarara A, De Veaugh-Geiss JP, Weber S, Westing M, Wohlgemuth V, Naumann S",Journal Article,Future Gener. Comput. Syst.,Future Generations Computer Systems,2024,155,,402-418,Elsevier BV,,,,,,,2024-06,,,,0167-739X,1872-7115,,http://creativecommons.org/licenses/by/4.0/,,en,
Do energy-oriented changes hinder maintainability?,10.1109/icsme.2019.00013,"Energy efficiency is a crucial quality requirement for mobile applications. However, improving energy efficiency is far from trivial as developers lack the knowledge and tools to aid in this activity. In this paper we study the impact of changes to improve energy efficiency on the maintainability of Android applications. Using a dataset containing 539 energy efficiency-oriented commits, we measure maintainability – as computed by the Software Improvement Group's web-based source code analysis service Better Code Hub (BCH) – before and after energy efficiency-related code changes. Results show that in general improving energy efficiency comes with a significant decrease in maintainability. This is particularly evident in code changes to accommodate the Power Save Mode and Wakelock Addition energy patterns. In addition, we perform manual analysis to assess how real examples of energy-oriented changes affect maintainability. Our results help mobile app developers to 1) avoid common maintainability issues when improving the energy efficiency of their apps; and 2) adopt development processes to build maintainable and energy-efficient code. We also support researchers by identifying challenges in mobile app development that still need to be addressed.",http://dx.doi.org/10.1109/icsme.2019.00013,"Cruz L,Abreu R,Grundy J,Li L,Xia X",Conference Paper,,,2019,,,,IEEE,,,2019 IEEE International Conference on Software Maintenance and Evolution (ICSME),2019 IEEE International Conference on Software Maintenance and Evolution (ICSME),"Cleveland, OH, USA",2019/9/29-2019/10/4,2019-09,,9.78173E+12,,,,,https://ieeexplore.ieee.org/Xplorehelp/downloads/license-information/IEEE.html,,,
Does maintainability relate to the energy consumption of software? A case study,10.1007/s11219-020-09536-9,"Energy consumption of software has been becoming increasingly significant, since it can vary according to how the software has been developed. In recent years, developers and researchers have been interested in analyzing, among other things, how energy consumption evolves when changes occur from one version to another in any given software. Thus far, the only studies available are theoretical papers that reinforce the idea that maintainability may have an influence on energy use, but this needs to be proven empirically, which is the goal of this article. This work presents an empirical study carried out to test whether there is a relationship between the energy consumption and the maintainability of several versions of Redmine. Maintainability has been assessed by means of different measures, such as the number of lines of code, or the complexity of the software, calculated using SonarCloud, and the energy consumption measurements have been captured using the EET device. The results obtained show that the number of lines of code affects both the energy consumption of the processor and the total consumption of the computer where the software is run. It is intended that the results from this work should serve as a basis for the undertaking of new empirical studies which will enable the relationship between the software maintainability and the energy efficiency of that software to be better understood.",http://dx.doi.org/10.1007/s11219-020-09536-9,"Mancebo J,Calero C,Garcia F",Journal Article,Softw. Qual. J.,Software Quality Journal,2021,29,1,101-127,Springer Science and Business Media LLC,,,,,,,2021-03,,,,0963-9314,1573-1367,,,,en,
Early analysis of resource consumption patterns in mobile applications,10.1016/j.pmcj.2016.06.011,"Mobile device capabilities have increased tremendously in recent years, and the complexity of the applications executed in these devices has evolved accordingly. However, despite the efforts made by mobile manufactures, resource consumption, particularly battery and data traffic, are still limiting factors for mobile applications. The most important aspects determining the consumption of a mobile application is its software architecture and its behaviour. Hence, by comparing the resource consumption of different software architectures before an application is built, mobile developers can make decisions that are better informed. This work presents the consumption analysis of two applications, each of them built with two different architectures in order to identify under which situation each architecture is more efficient. In addition, by generalizing the analysis of the two applications, a conceptual framework is created with which to analyse the consumption pattern of applications in their early development phases. This conceptual framework will allow mobile developers to estimate the resource consumption of their applications under different conditions of software architecture and usage scenarios, providing them with information relevant for decision making.",http://dx.doi.org/10.1016/j.pmcj.2016.06.011,"Berrocal J,Garcia-Alonso J,Vicente-Chicote C,Hernandez J,Mikkonen T,Canal C,Murillo JM",Journal Article,Pervasive Mob. Comput.,Pervasive and Mobile Computing,2017,35,,32-50,Elsevier BV,,,,,,,2017-02,,,,1574-1192,1873-1589,,,,en,
EARMO: An energy-aware refactoring approach for mobile apps,10.1109/tse.2017.2757486,"The energy consumption of mobile apps is a trending topic and researchers are actively investigating the role of coding practices on energy consumption. Recent studies suggest that design choices can conflict with energy consumption. Therefore, it is important to take into account energy consumption when evolving the design of a mobile app. In this paper, we analyze the impact of eight type of anti-patterns on a testbed of 20 android apps extracted from F-Droid. We propose EARMO, a novel anti-pattern correction approach that accounts for energy consumption when refactoring mobile anti-patterns. We evaluate EARMO using three multiobjective search-based algorithms. The obtained results show that EARMO can generate refactoring recommendations in less than a minute, and remove a median of 84 percent of anti-patterns. Moreover, EARMO extended the battery life of a mobile phone by up to 29 minutes when running in isolation a refactored multimedia app with default settings (no Wi-Fi, no location services, and minimum screen brightness). Finally, we conducted a qualitative study with developers of our studied apps, to assess the refactoring recommendations made by EARMO. Developers found 68 percent of refactorings suggested by EARMO to be very relevant.",http://dx.doi.org/10.1109/tse.2017.2757486,"Morales R,Saborido R,Khomh F,Chicano F,Antoniol G",Journal Article,IEEE Trans. Softw. Eng.,IEEE Transactions on Software Engineering,2018,44,12,1176-1206,Institute of Electrical and Electronics Engineers (IEEE),,,,,,,12/1/18,,,,0098-5589,1939-3520,,https://ieeexplore.ieee.org/Xplorehelp/downloads/license-information/IEEE.html,,,
Empirical evaluation of the energy impact of refactoring code smells,10.29007/dz83,"Software energy efficiency has gained increasing attention of the research community. How to improve it, however, still lacks evidence. Specifically, the impact of code smell refactoring on energy efficiency has been scarcely investigated. In the pilot study here reported, we investigate the impact on performance and energy consumption of refactoring well-known code smells on Java software applications. In order to understand if software metrics can be used as indicators of the energy impact of refactoring, we also measured the variation caused by refactoring on a set of well-established software metrics. We conducted a controlled experiment using state-of-the-art power measurement equipment. Statistical hypothesis testing and effect size estimation were performed on the experimental results. Results show that in one out of three applications, refactoring each smell significantly impacted power- and energy consumption. Specifically, refactoring Feature Envy and Long Method smells led to a 49% energy efficiency improvement. No software metrics significantly correlated with execution time, power or energy consumption. In conclusion, refactoring code smells can significantly improve software energy efficiency. The magnitude of the impact may depend on application properties, e.g. size or age. Further research is needed to understand the relationship between software metrics and energy efficiency.",http://dx.doi.org/10.29007/dz83,"Verdecchia R,Aparicio Saez R,Procaccianti G,Lago P",Conference Paper,,,2018,,,,EasyChair,,,,ICT4S2018. 5th International Conference on Information and Communication Technology for Sustainability,,,2018,,,,,,,,,,
Energy consumption analysis of design patterns,,"The importance of low power consumption is widelyacknowledged due to the increasing use of portable devices, whichrequire minimizing the consumption of energy. Energy dissipation isheavily dependent on the software used in the system. Applyingdesign patterns in object-oriented designs is a common practicenowadays. In this paper we analyze six design patterns and explorethe effect of them on energy consumption and performance ",https://www.researchgate.net/publication/27378122_Energy_Consumption_Analysis_of_Design_Patterns,"Litke A, Zotos K, Chatzigeorgiou A and Stephanides G",Conference Paper,"PROCEEDINGS OF WORLD ACADEMY OF SCIENCE, ENGINEERING AND TECHNOLOGY",,2005,6,,,,,,,,,,,3/23/26,,,,,,,,,
"Energy efficiency across programming languages: how do energy, time, and memory relate?",10.1145/3136014.3136031,"This paper presents a study of the runtime, memory usage and energy consumption of twenty seven well-known software languages. We monitor the performance of such languages using ten different programming problems, expressed in each of the languages. Our results show interesting findings, such as, slower/faster languages consuming less/more energy, and how memory usage influences energy consumption. Finally, we show how to use our results to provide software engineers support to decide which language to use when energy efficiency is a concern.",http://dx.doi.org/10.1145/3136014.3136031,"Pereira R,Couto M,Ribeiro F,Rua R,Cunha J,Fernandes JP,Saraiva J",Conference Paper,,,2017,,,256-267,ACM,"New York, NY, USA",,Proceedings of the 10th ACM SIGPLAN International Conference on Software Language Engineering,"SPLASH '17: Conference on Systems, Programming, Languages, and Applications: Software for Humanity",Vancouver BC Canada,2017/10/23-2017/10/24,10/23/17,,9.78145E+12,,,,,https://www.acm.org/publications/policies/copyright_policy#Background,"INESC TEC, Portugal / University of Minho, Portugal; NOVA-LINCS, Portugal / Nova University of Lisbon, Portugal; LISP, Portugal / CISUC, Portugal / University of Coimbra, Portugal",,
Energy efficiency analysis of code refactoring techniques for green and sustainable software in portable devices,10.3390/electronics11030442,"Code refactoring is a time-consuming and effort-intensive process that is applied for making improvements to source codes. There exist several refactoring techniques to improve software quality. Some of them aim to reduce the energy consumption of the software. However, the combination of applied refactoring techniques is crucial to the success rate. In addition, to provide sustainable services on portable devices such as mobile phones and laptops, which rely on batteries, improving and optimizing the energy efficiency is important. This study focuses on examining the effect of code refactoring techniques on energy consumption. A total of 25 different source codes of applications programmed in the C# and Java languages are selected for the study, and combinations obtained from refactoring techniques are applied to these source codes. The combinations applied are analyzed using the maintainability index. Power consumption estimation tools are used to measure the energy consumption of the original and refactored codes. The results show that the combinations significantly improve the software‚Äôs energy efficiency. The results will provide a better understanding of the relationship between the energy efficiency of software and refactoring techniques. Moreover, they will help developers to improve their object-oriented code in terms of both energy efficiency and sustainability.",http://dx.doi.org/10.3390/electronics11030442,"Sanlialp I, Öztürk M, Yigit T",Journal Article,Electronics (Basel),Electronics,2022,11,3,442,MDPI AG,,,,,,,2/1/22,,,,2079-9292,,,https://creativecommons.org/licenses/by/4.0/,"Graduate School of Natural and Applied Sciences, Suleyman Demirel University, Isparta 32260, Turkey; Department of Computer Engineering, Faculty of Engineering, Suleyman Demirel University, Isparta 32260, Turkey",en,
Energy efficiency embedded service lifecycle: Towards an energy efficient cloud computing architecture,,"The paper argues the need to provide novel methods and tools to support software developers aiming to optimise energy efficiency and minimise the carbon footprint resulting from designing, developing, deploying and running software in Clouds, while maintaining other quality aspects of software to adequate and agreed levels. A cloud architecture to support energy efficiency at service construction, deployment, and operation is discussed, as well as its implementation and evaluation plans.",https://upcommons.upc.edu/entities/publication/f272483e-2d4b-4cc1-ae67-4e2563ff3988;https://hdl.handle.net/2117/24436;https://upcommons.upc.edu/bitstreams/432784f9-15e8-4cd0-9c4f-ef6e645acd80/download,"Djemame K, Armstrong D, Kavanagh R,  Juan A, Perez D, Antona D, Deprez J-C, Ponsard C, Ortiz D, Macías M, Guitart J, Lordan F, Ejarque J, Sirvent R, Badia R, Kammer M, Kao O, Agiatzidou E, Dimakis A, Courcoubetis C, Blasi L",Conference Paper,,,2014,,,6-Jan,CEUR-WS.org,,,Joint Workshop Proceedings of the 2nd International Conference on ICT for Sustainability 2014,,,,2014,3/23/26,,,1613-0073,,,,,en,
Energy efficient coding practices for sustainable software development,10.4108/eai.17-11-2023.2342635,"Cloud computing has revolutionized the IT landscape, offering unparalleled scalability and flexibility to both businesses and end-users. But there's growing concern about how much electricity cloud data centers consume. The increasing need for cloud services has made it imperative to conduct research on maximizing energy efficiency in cloud computing. This research study compares two different applications to examine energy-efficient coding methods in cloud computing and provides an overview of current green data center architecture aspects. The goal of this effort is to pinpoint procedures that can drastically lower energy usage in cloud environments. The two main steps in the suggested methodology are as follows. Initially, the energy usage is evaluated for two distinct programs that are operating in a cloud environment. First, the energy consumption is assessed for two different applications running in a cloud environment: Application-A coded in JavaScript, which utilizes conventional coding practices, and Application-B coded in Java, which integrates advanced energy-efficient coding techniques. Both applications are subjected to a series of experiments to measure power consumption and performance metrics, to quantify the energy savings achieved by Application-B which employs energy efficient coding practices. Second, coding practices employed in each application are explored to identify key differences that contribute to their varying energy efficiency.",http://dx.doi.org/10.4108/eai.17-11-2023.2342635,"Manimegalai R,Sandhanam S,Nandhini A,Pandia P",Conference Paper,,,2024,,,,EAI,,,"Proceedings of the First International Conference on Science, Engineering and Technology Practices for Sustainable Development, ICSETPSD 2023, 17th-18th November 2023, Coimbatore, Tamilnadu, India","Proceedings of the First International Conference on Science, Engineering and Technology Practices for Sustainable Development, ICSETPSD 2023, 17th-18th November 2023, Coimbatore, Tamilnadu, India","Coimbatore, India",2023/11/17-2023/11/18,2024,,,,,,,,,,
Energy profiles of Java collections classes,10.1145/2884781.2884869,"We created detailed profiles of the energy consumed by common operations done on Java List, Map, and Set abstractions. The results show that the alternative data types for these abstractions differ significantly in terms of energy consumption depending on the operations. For example, an ArrayList consumes less energy than a LinkedList if items are inserted at the middle or at the end, but consumes more energy than a LinkedList if items are inserted at the start of the list. To explain the results, we explored the memory usage and the bytecode executed during an operation. Expensive computation tasks in the analyzed bytecode traces appeared to have an energy impact, but memory usage did not contribute. We evaluated our profiles by using them to selectively replace Collections types used in six applications and libraries. We found that choosing the wrong Collections type, as indicated by our profiles, can cost even 300% more energy than the most efficient choice. Our work shows that the usage context of a data structure and our measured energy profiles can be used to decide between alternative Collections implementations.",http://dx.doi.org/10.1145/2884781.2884869,"Hasan S,King Z,Hafiz M,Sayagh M,Adams B,Hindle A",Conference Paper,,,2016,,,225-236,ACM,"New York, NY, USA",,Proceedings of the 38th International Conference on Software Engineering,ICSE '16: 38th International Conference on Software Engineering,Austin Texas,2016/5/14-2016/5/22,5/14/16,,9.78145E+12,,,,,http://www.acm.org/publications/policies/copyright_policy#Background,"Auburn University; MCIS, Polytechnique Montreal; University of Alberta",,
Energy refactorings for android in the large and in the wild,10.1109/saner48275.2020.9054858,"Improving the energy efficiency of mobile applications is a timely goal, as it can contribute to increase a device's usage time, which most often is powered by batteries. Recent studies have provided empirical evidence that refactoring energy-greedy code patterns can in fact reduce the energy consumed by an application. These studies, however, tested the impact of refactoring patterns individually, often locally (e.g., by measuring method-level gains) and using a small set of applications. We studied the application-level impact of refactorings, comparing individual refactorings, among themselves and against the combinations on which they appear. We use scenarios that simulate realistic application usage on a large-scale repository of Android applications. To fully automate the detection and refactoring procedure, as well as the execution of test cases, we developed a publicly available tool called Chimera. Our findings include statistical evidence that i) individual refactorings produce consistent gains, but with different impacts, ii) combining as much refactorings as possible most often, but not always, increases energy savings when compared to individual refactorings, and iii) a few combinations are harmful to energy savings, as they can actually produce more losses than gains. We prepared a set of guidelines for developers to follow, aiding them on deciding how to refactor and consistently reduce energy.",http://dx.doi.org/10.1109/saner48275.2020.9054858,"Couto M,Saraiva J,Fernandes JP",Conference Paper,,,2020,,,,IEEE,,,"2020 IEEE 27th International Conference on Software Analysis, Evolution and Reengineering (SANER)","2020 IEEE 27th International Conference on Software Analysis, Evolution and Reengineering (SANER)","London, ON, Canada",2020/2/18-2020/2/21,2020-02,,9.78173E+12,,,,,https://ieeexplore.ieee.org/Xplorehelp/downloads/license-information/IEEE.html,,,
Energy-aware programming model for distributed infrastructures,10.1109/pdp.2016.39,"Day after day, cloud technologies are more and more adopted by very diverse types of stakeholders, and this success creates a side-effect problem: the energy spent by this kind of infrastructures is growing bigger every day. With the objective of reducing energy consumption when programming applications for cloud infrastructures, we have implemented energy-aware mechanisms in the COMPSs Programming Model, inside the context of the ASCETiC Project. In this paper, we demonstrate that application-level scheduling can have a big impact on the energy consumed by an application when executed in a heterogeneous cloud. We have implemented an energy-aware scheduling mechanism in COMPSs, together with a versioning technique, and we have run experiments with a use case coming from the real estate sector that proves our hypotheses.",http://dx.doi.org/10.1109/pdp.2016.39,"Lordan F,Ejarque J,Sirvent R,Badia RM",Conference Paper,,,2016,,,,IEEE,,,"2016 24th Euromicro International Conference on Parallel, Distributed, and Network-Based Processing (PDP)","2016 24th Euromicro International Conference on Parallel, Distributed, and Network-Based Processing (PDP)",Heraklion,2016/2/17-2016/2/19,2016-02,,9.78147E+12,,,,,,,,
Energy-Efficient Software,10.6092/polito/porto/2609157,"The energy consumption of ICT is growing at an unprecedented pace. The main drivers for this growth are the widespread diffusion of mobile devices and the proliferation of datacenters, the most power-hungry IT facilities. In addition, it is predicted that the demand for ICT technologies and services will increase in the coming years. Finding solutions to decrease ICT energy footprint is and will be a top priority for researchers and professionals in the field. As a matter of fact, hardware technology has substantially improved throughout the years: modern ICT devices are definitely more energy efficient than their predecessors, in terms of performance per watt. However, as recent studies show, these improvements are not effectively reducing the growth rate of ICT energy consumption. This suggests that these devices are not used in an energy-efficient way. Hence, we have to look at software. Modern software applications are not designed and implemented with energy efficiency in mind. As hardware became more and more powerful (and cheaper), software developers were not concerned anymore with optimizing resource usage. Rather, they focused on providing additional features, adding layers of abstraction and complexity to their products. This ultimately resulted in bloated, slow software applications that waste hardware resources -- and consequently, energy. In this dissertation, the relationship between software behavior and hardware energy consumption is explored in detail. For this purpose, the abstraction levels of software are traversed upwards, from source code to architectural components. Empirical research methods and evidence-based software engineering approaches serve as a basis. First of all, this dissertation shows the relevance of software over energy consumption. Secondly, it gives examples of best practices and tactics that can be adopted to improve software energy efficiency, or design energy-efficient software from scratch. Finally, this knowledge is synthesized in a conceptual framework that gives the reader an overview of possible strategies for software energy efficiency, along with examples and suggestions for future research.",http://dx.doi.org/10.6092/polito/porto/2609157,Procaccianti G,Miscellaneous,,,2015,,,,Politecnico di Torino,,,,,,,2015,,,,,,,,,,
Estimating the energy consumption in pervasive java-based systems,10.1109/percom.2008.85,"We define and evaluate a framework for estimating the energy consumption of pervasive Java-based software systems. The framework's primary objective is to enable an engineer to make informed decisions when adapting a system's architecture, such that the energy consumption on hardware devices with a finite battery life is reduced, and the lifetime of the system's key software services increases. Our framework explicitly takes a component-based perspective, which renders it well suited for a large class of today's distributed, embedded, and pervasive applications. The framework provides a novel approach that facilitates the accurate estimation of a system's energy consumption both during system construction-time and during runtime. In a large number of distributed application scenarios, the framework showed very good precision on the whole, giving results that were within 5% of the actually measured power losses incurred by executing the software.",http://dx.doi.org/10.1109/percom.2008.85,"Seo C,Malek S,Medvidovic N",Conference Paper,,,2008,,,,IEEE,,,2008 Sixth Annual IEEE International Conference on Pervasive Computing and Communications (PerCom),2008 IEEE International Conference on Pervasive Computing and Communications (PerCom),"Hong Kong, China",2008/3/17-2008/3/21,2008-03,,9.78077E+12,,,,,,,,
Evaluating the impact of caching on the energy consumption and performance of progressive web apps,10.1145/3387905.3388593,"Context. Since today mobile devices have limited battery life, the energy consumption of the software running on them can play a strong role with respect to the success of mobile-based businesses. Progressive Web Applications (PWAs) are built using common web technologies like HTML, CSS, and JavaScript and are commonly used for providing a better user experience to mobile users. Caching is the main technique used by PWA developers for optimizing network usage and for providing a meaningful experience even when the user's device is offline. Goal. This paper aims at assessing the impact of caching on both the energy consumption and performance of PWAs. Method. We conducted an empirical experiment targeting 9 real PWAs developed by third-party developers. The experiment is designed as a 1 factor - 2 treatments study, with the usage of caching as the single factor and the status of the cache as treatments (empty vs populated cache). The response variables of the experiment are (i) the energy consumption of the mobile device and (ii) the page load time of the PWAs. The experiment is executed on a real Android device running the Mozilla Firefox browser. Results. Our results show that PWAs do not consume significantly different amounts of energy when loaded either with an empty or populated cache. However, the page load time of PWAs is significantly lower when the cache is already populated, with a medium effect size. Conclusions. This study confirms that PWAs are promising in terms of energy consumption and provides evidence that caching can be safely exploited by PWA developers concerned with energy consumption. The study provides also empirical evidence that caching is an effective technique for improving the user experience in terms of page loading time of PWAs.",http://dx.doi.org/10.1145/3387905.3388593,"Malavolta I,Chinnappan K,Jasmontas L,Gupta S,Soltany KA",Conference Paper,,,2020,,,,ACM,"New York, NY, USA",,Proceedings of the IEEE/ACM 7th International Conference on Mobile Software Engineering and Systems,MOBILESoft '20: IEEE/ACM 7th International Conference on Mobile Software Engineering and Systems,Seoul Republic of Korea,,7/13/20,,9.78145E+12,,,,,,"Vrije Universiteit Amsterdam, The Netherlands",,
Exploring the energy consumption of data sorting algorithms in embedded and mobile environments,10.1109/mdm.2009.103,"Most mobile and embedded devices are battery powered. Hence, their uptime depends on the energy consumption of the used components. Developers made severe effort to optimize hardware components in order to reduce their energy consumption. However, in this paper we show that one also has to consider energy awareness in terms of software. In this study we focus on sorting algorithms, which are not only used directly by the user of a device but also very often implicitly by other algorithms. Our experiments show,that different sorting algorithms consume different amounts of energy. In detail, the experiments show that there is no direct correlation between the time complexity of an algorithm and its energy consumption.",http://dx.doi.org/10.1109/mdm.2009.103,"Bunse C,Höpfner H,Mansour E,Roychoudhury S",Conference Paper,,,2009,,,,IEEE,,,"2009 Tenth International Conference on Mobile Data Management: Systems, Services and Middleware","2009 Tenth International Conference on Mobile Data Management: Systems, Services and Middleware","Taipei, Taiwan",2009/5/18-2009/5/20,2009,,9.78142E+12,,,,,,,,
Extending software architecture views with an energy consumption perspective,10.1007/s00607-016-0502-0,"The rising energy consumption of the ICT industry has triggered a quest for more sustainable, i.e. energy efficient, ICT solutions. Software plays an essential role in finding these solutions, as software is identified as the true consumer of power. However, in this context, software is often treated as a single, complex entity instead of the interrelated elements that it actually consists of. Although useful results can be gained, this approach fails to provide detailed insight in the elements that invoke specific energy consumption behavior. As a result, software vendors are not able to address energy consumption on software level. In this paper, we propose an energy consumption perspective on software architecture as a means to provide this insight and enable analysis on the architectural elements that are the actual drivers behind the energy consumption. In support of this perspective, we also position sustainability as a potential quality attribute thereby provide a means to quantify energy consumption aspects related to software. In a case study using a commercial software product the perspective and quality attribute are applied, demonstrating the potential by achieving an energy consumption saving of 67.1 %.",http://dx.doi.org/10.1007/s00607-016-0502-0,"Jagroep E,van der Werf JM,Brinkkemper S,Blom L,van Vliet R",Journal Article,Computing,Computing,2017,99,6,553-573,Springer Science and Business Media LLC,,,,,,,2017-06,,,,0010-485X,1436-5057,,,,en,
Green architectural tactics for the cloud,10.1109/wicsa.2014.30,"Energy efficiency is a primary concern for the ICT sector. In particular, the widespread adoption of cloud computing technologies has drawn attention to the massive energy consumption of data centers. Although hardware constantly improves with respect to energy efficiency, this should also be a main concern for software. In previous work we analyzed the literature and elicited a set of techniques for addressing energy efficiency in cloud-based software architectures. In this work we codified these techniques in the form of Green Architectural Tactics. These tactics will help architects extend their design reasoning towards energy efficiency and to apply reusable solutions for greener software.",http://dx.doi.org/10.1109/wicsa.2014.30,"Procaccianti G,Lago P,Lewis GA",Conference Paper,,,2014,,,,IEEE,,,2014 IEEE/IFIP Conference on Software Architecture,2014 IEEE/IFIP Conference on Software Architecture (WICSA),"Sydney, Australia",2014/4/7-2014/4/11,2014-04,,9.78148E+12,,,,,,,,
Green: a framework for supporting energy-conscious programming using controlled approximation,10.1145/1809028.1806620,"Energy-efficient computing is important in several systems ranging from embedded devices to large scale data centers. Several application domains offer the opportunity to tradeoff quality of service/solution (QoS) for improvements in performance and reduction in energy consumption. Programmers sometimes take advantage of such opportunities, albeit in an ad-hoc manner and often without providing any QoS guarantees. We propose a system called Green that provides a simple and flexible framework that allows programmers to take advantage of such approximation opportunities in a systematic manner while providing statistical QoS guarantees. Green enables programmers to approximate expensive functions and loops and operates in two phases. In the calibration phase, it builds a model of the QoS loss produced by the approximation. This model is used in the operational phase to make approximation decisions based on the QoS constraints specified by the programmer. The operational phase also includes an adaptation function that occasionally monitors the runtime behavior and changes the approximation decisions and QoS model to provide strong statistical QoS guarantees. To evaluate the effectiveness of Green, we implemented our system and language extensions using the Phoenix compiler framework. Our experiments using benchmarks from domains such as graphics, machine learning, signal processing, and finance, and an in-production, real-world web search engine, indicate that Green can produce significant improvements in performance and energy consumption with small and controlled QoS degradation.",http://dx.doi.org/10.1145/1809028.1806620,"Baek W,Chilimbi TM",Journal Article,SIGPLAN Not.,SIGPLAN Notices,2010,45,6,198-209,Association for Computing Machinery (ACM),,,,,,,6/12/10,,,,1558-1160,,,,"Stanford University, Stanford, CA, USA; Microsoft Research, Redmond, WA, USA",en,
Haskell in green land: Analyzing the energy behavior of a purely functional language,10.1109/saner.2016.85,"Recent work has studied the effect that factors such as code obfuscation, refactorings and data types have on energy efficiency. In this paper, we attempt to shed light on the energy behavior of programs written in a lazy purely functional language, Haskell. We have conducted two empirical studies to analyze the energy efficiency of Haskell programs from two different perspectives: strictness and concurrency. Our experimental space exploration comprises more than 2000 configurations and 20000 executions. We found out that small changes can make a big difference in terms of energy consumption. For example, in one of our benchmarks, under a specific configuration, choosing one data sharing primitive (MVar) over another (TMVar) can yield 60% energy savings. In another benchmark, the latter primitive can yield up to 30% energy savings over the former. Thus, tools that support developers in quickly refactoring a program to switch between different primitives can be of great help if energy is a concern. In addition, the relationship between energy consumption and performance is not always clear. In sequential benchmarks, high performance is an accurate proxy for low energy consumption. However, for one of our concurrent benchmarks, the variants with the best performance also exhibited the worst energy consumption. To support developers in better understanding this complex relationship, we have extended two existing performance analysis tools to also collect and present data about energy consumption.",http://dx.doi.org/10.1109/saner.2016.85,"Lima LG,Soares-Neto F,Lieuthier P,Castor F,Melfe G,Fernandes JP",Conference Paper,,,2016,,,,IEEE,,,"2016 IEEE 23rd International Conference on Software Analysis, Evolution, and Reengineering (SANER)","2016 IEEE 23rd International Conference on Software Analysis, Evolution and Reengineering (SANER)",Suita,2016/3/14-2016/3/18,2016-03,,9.78151E+12,,,,,,,,
How do code refactorings affect energy usage?,10.1145/2652524.2652538,"Context: Code refactoring's benefits to understandability, maintainability and extensibility are well known enough that automated support for refactoring is now common in IDEs. However, the decision to apply such transformations is currently performed without regard to the impacts of the refactorings on energy consumption. This is primarily due to a lack of information and tools to provide such relevant information to developers. Unfortunately, concerns about energy efficiency are rapidly becoming a high priority concern in many environments, including embedded systems, laptops, mobile devices, and data centers. Goal: We aim to address the lack of information about the energy efficiency impacts of code refactorings. Method: We conducted an empirical study to investigate the energy impacts of 197 applications of 6 commonly-used refactorings. Results: We found that refactorings can not only impact energy usage but can also increase and decrease the amount of energy used by an application. In addition, we also show that metrics commonly believed to correlate with energy usage are unlikely to be able to fully predict the impact of applying a refactoring. Conclusion: The results from this and similar studies could be used to augment IDEs to help software developers build more energy efficient software.",http://dx.doi.org/10.1145/2652524.2652538,"Sahin C,Pollock L,Clause J",Conference Paper,,,2014,,,10-Jan,ACM,"New York, NY, USA",,Proceedings of the 8th ACM/IEEE International Symposium on Empirical Software Engineering and Measurement,ESEM '14: 2014 ACM-IEEE International Symposium on Empirical Software Engineering and Measurement,Torino Italy,2014/9/18-2014/9/19,9/18/14,,9.78145E+12,,,,,,University of Delaware,,
How does code obfuscation impact energy usage?,10.1109/icsme.2014.35,"Software piracy is an important concern for application developers. Such concerns are especially relevant in mobile application development, where piracy rates can approach 90%. The most commonly used approach by mobile developers for preventing piracy is code obfuscation. However, the decision to apply such transformations is currently made without regard to the impacts of obfuscations on another area of increasing concern for mobile application developers: energy consumption. Because both software piracy and battery life are important concerns, mobile application developers must strike a balance between protecting their applications and preserving the battery lives of their users' devices. To help them make such choices, we conducted an empirical study of the effects of 18 code obfuscations on the amount of energy consumed by executing a total of 15 usage scenarios spread across 11 Android applications. The results of the study indicate that, while obfuscations can have a statistically significant impact on energy usage and are significantly more likely to increase energy usage than to decrease energy usage, the magnitudes of such impacts are unlikely to impact mobile application users.",http://dx.doi.org/10.1109/icsme.2014.35,"Sahin C,Tornquist P,Mckenna R,Pearson Z,Clause J",Conference Paper,,,2014,,,,IEEE,,,2014 IEEE International Conference on Software Maintenance and Evolution,2014 IEEE International Conference on Software Maintenance and Evolution (ICSME),"Victoria, BC, Canada",2014/9/29-2014/10/3,2014-09,,9.78148E+12,,,,,,,,
How does microservice granularity impact energy consumption and performance? A controlled experiment,10.1109/icsa65012.2025.00018,"Context: Microservice architectures are a widely used software deployment approach, with benefits regarding flexibility and scalability. However, their impact on energy consumption is poorly understood, and often overlooked in favor of performance and other quality attributes (QAs). One understudied concept in this area is microservice granularity, i.e., over how many services the system functionality is distributed.Objective: We therefore aim to analyze the relationship between microservice granularity and two critical QAs in microservice-based systems: energy consumption and performance.Method: We conducted a controlled experiment using two open-source microservice-based systems of different scales: the small Pet Clinic system and the large Train Ticket system. For each system, we created three levels of granularity by merging or splitting services (coarse, medium, and fine) and then exposed them to five levels of request frequency.Results: Our findings revealed that: i) granularity significantly affected both energy consumption and response time, e.g., in the large system, fine granularity consumed on average 461 J more energy (13%) and added 5.2 ms to response time (14%) compared to coarse granularity; ii) higher request loads significantly increased both energy consumption and response times, with moving from 40 to 400 requests / s resulting in 651 J higher energy consumption (23%) and 41.2 ms longer response times (98%); iii) there is a complex relationship between granularity, system scale, energy consumption, and performance that warrants careful consideration in microservice design. We derive generalizable takeaways from our results.Conclusion: Microservices practitioners should take our findings into account when making granularity-related decisions, especially for large-scale systems.",http://dx.doi.org/10.1109/icsa65012.2025.00018,"Zhao Y,De Matteis T,Bogner J",Conference Paper,,,2025,,,84-95,IEEE,,,2025 IEEE 22nd International Conference on Software Architecture (ICSA),2025 IEEE 22nd International Conference on Software Architecture (ICSA),"Odense, Denmark",2025/3/31-2025/4/4,3/31/25,,,,,,,,"Vrije Universiteit Amsterdam,Amsterdam,The Netherlands",,
Impacts of data interchange formats on energy consumption and performance in smartphones,10.1145/2016716.2016718,"In this paper, we analyze the impacts of three formats for data interchange, as regards the management of energy and the cost of processing each of the proposed formats in a mobile device; XML, JSON and Protocol Buffers. The tests focused on two network interfaces, WiFi and 3G. The results of this study contribute to the development of mobile applications that require transfer, independently or not, data for a Web Server, like applications of data backup, monitoring of information or any mobile application that synchronizes data with the Web, having as main objectives the impacts of energy and processing in mobile equipment.",http://dx.doi.org/10.1145/2016716.2016718,"Gil B,Trezentos P",Conference Paper,,,2011,,,,ACM,"New York, NY, USA",,Proceedings of the 2011 Workshop on Open Source and Design of Communication,OSDOC '11: Workshop Open Source and Design of Communication,Lisboa Portugal,2011/7/11-2011/7/11,7/11/11,,9.78145E+12,,,,,,"DCTI, ISCTE-IUL, Lisboa, Portugal",,
Initial explorations on design pattern energy usage,10.1109/greens.2012.6224257,"As the use of computers has grown, so too has concern about the amount of power they consume. Data centers, for example, are limited in scalability as they struggle with soaring energy costs from many large companies relying on fast, reliable, and round-the-clock computing services. On large-scale computing clusters, like data centers, even a small drop in power consumption can have large effects. Across computing contexts, reducing power consumed by computers has become a major focus. In this paper, we present a new approach for mapping software design to power consumption and present empirical results of the approach on different software implementations. In particular, we compare the power profiles of software using design patterns against software not using design patterns as a way to explore how high-level design decisions affect an application's energy usage. We show how mappings between software design and power consumption profiles can provide software designers and developers with useful information about the power behavior of the software they are developing. The goal is for software engineers to use this information in designing and developing more energy efficient solutions.",http://dx.doi.org/10.1109/greens.2012.6224257,"Sahin C,Cayci F,Gutierrez IL,Clause J,Kiamilev F,Pollock L,Winbladh K",Conference Paper,,,2012,,,,IEEE,,,2012 First International Workshop on Green and Sustainable Software (GREENS),2012 First International Workshop on Green and Sustainable Software (GREENS),"Zurich, Switzerland",2012/6/3-2012/6/3,2012-06,,9.78147E+12,9.78147E+12,,,,,,,
Investigating the effect of design patterns on energy consumption,10.1002/smr.1851,"AbstractGang of Four (GoF) patterns are well‚Äêknown best practices for the design of object‚Äêoriented systems. In this paper, we aim at empirically assessing their relationship to energy consumption, ie, a performance indicator that has recently attracted the attention of both researchers and practitioners. To achieve this goal, we investigate pattern‚Äêparticipating methods (ie, those that play a role within the pattern) and compare their energy consumption to the consumption of functionally equivalent alternative (nonpattern) solutions. We obtained the alternative solution by refactoring the pattern instances using well‚Äêknown transformations (eg, replace polymorphism with conditional statements). The comparison is performed on 169 methods of 2 GoF patterns (namely, State/Strategy and Template Method), retrieved from 2 well‚Äêknown open source projects. The results suggest that for the majority of cases the alternative design excels in terms of energy consumption. However, in some cases (eg, when the method is large in size or invokes many methods) the pattern solution presents similar or lower energy consumption. The outcome of our study can be useful to both researchers and practitioners, because we: (1) provide evidence on a possible negative effect of GoF patterns, and (2) can provide guidance on which cases the use of the pattern is not hurting energy consumption.",http://dx.doi.org/10.1002/smr.1851,"Feitosa D,Alders R,Ampatzoglou A,Avgeriou P,Nakagawa EY",Journal Article,J. Softw. (Malden),"Journal of Software (Malden, MA)",2017,29,2,e1851,Wiley,,,,,,,2017-02,,,,2047-7473,2047-7481,,http://onlinelibrary.wiley.com/termsAndConditions#vor,Department of Mathematics and Computer Science University of Groningen Groningen The Netherlands; Department of Computer Systems University of S√£o Paulo Butant√£ S√£o Paulo Brazil,en,
Investigating the energy impact of Android smells,10.1109/saner.2017.7884614,"Android code smells are bad implementation practices within Android applications (or apps) that may lead to poor software quality. These code smells are known to degrade the performance of apps and to have an impact on energy consumption. However, few studies have assessed the positive impact on energy consumption when correcting code smells. In this paper, we therefore propose a tooled and reproducible approach, called HOT-PEPPER, to automatically correct code smells and evaluate their impact on energy consumption. Currently, HOT-PEPPER is able to automatically correct three types of Android-specific code smells: Internal Getter/Setter, Member Ignoring Method, and HashMap Usage. HOT-PEPPER derives four versions of the apps by correcting each detected smell independently, and all of them at once. HOT-PEPPER is able to report on the energy consumption of each app version with a single user scenario test. Our empirical study on five open-source Android apps shows that correcting the three aforementioned Android code smells effectively and significantly reduces the energy consumption of apps. In particular, we observed a global reduction in energy consumption by 4,83% in one app when the three code smells are corrected. We also take advantage of the flexibility of HOT-PEPPER to investigate the impact of three picture smells (bad picture format, compression, and bitmap format) in sample apps. We observed that the usage of optimised JPG pictures with the Android default bitmap format is the most energy efficient combination in Android apps. We believe that developers can benefit from our approach and results to guide their refactoring, and thus improve the energy consumption of their mobile apps.",http://dx.doi.org/10.1109/saner.2017.7884614,"Carette A,Younes MA,Hecht G,Moha N,Rouvoy R",Conference Paper,,,2017,,,,IEEE,,,"2017 IEEE 24th International Conference on Software Analysis, Evolution and Reengineering (SANER)","2017 IEEE 24th International Conference on Software Analysis, Evolution and Reengineering (SANER)","Klagenfurt, Austria",2017/2/20-2017/2/24,2017-02,,9.78151E+12,,,,,,,,
Investigation for Software Power Consumption of Code Refactoring Techniques,,"Code refactoring technique focuses on enhancing the maintainability of software to extend its lifetime. However, there are other efforts to improve software qualities like performance or reliability as well as maintainability by using code refactoring techniques. Recently, as low-power software has become one of the critical issues in mobile environments, developing energy-efficient software through code refactoring becomes an important one. This paper aims to investigate whether the existing refactoring techniques can support energy-efficient software generation or not. The refactored codes generated by the existing techniques can consume more power than original codes because they did not consider the power consumption in their refactoring processes. This paper analyzes the power consumption to investigate the energy efficiency of M. Fowler’s refactoring techniques. Our analysis result can provide useful information about energy-efficient refactoring techniques to software engineers, and support the development of software that has high maintainability and good energy efficiency",https://scispace.com/pdf/investigation-for-software-power-consumption-of-code-20sa7ta5vt.pdf,"Park J-J, Hong J-E, and Lee S-H",Conrerence Paper,,,2014,,,,,,,,,,,,3/23/26,,,,,,,,,
Leafactor: Improving energy efficiency of android apps via automatic refactoring,10.1109/mobilesoft.2017.21,Leafactor is a tool to automatically improve the energy consumption of Android apps. It does so by refactoring the source code to follow a set of patterns known to be energy efficient. The toolset was validated using 222 refactorings in 140 open-source apps. Changes were submitted to the original apps by creating pull requests to the official projects.,http://dx.doi.org/10.1109/mobilesoft.2017.21,"Cruz L,Abreu R,Rouvignac JN",Conference Paper,,,2017,,,,IEEE,,,2017 IEEE/ACM 4th International Conference on Mobile Software Engineering and Systems (MOBILESoft),2017 IEEE/ACM 4th International Conference on Mobile Software Engineering and Systems (MOBILESoft),"Buenos Aires, Argentina",2017/5/22-2017/5/23,2017-05,,9.78154E+12,,,,,,,,
Managing energy consumption as an architectural quality attribute,10.1109/ms.2018.3571227,"A look at the software for an automated weather station shows that energy can be treated like any other architectural quality attribute. It‚Äôs no different, from the perspective of architectural design, than modifiability, performance, or availability. It can be modeled and prototyped, and we can reason about the design tradeoffs required to achieve better energy use.",http://dx.doi.org/10.1109/ms.2018.3571227,"Kazman R,Haziyev S,Yakuba A,Tamburri DA",Journal Article,IEEE Softw.,IEEE Software,2018,35,5,102-107,Institute of Electrical and Electronics Engineers (IEEE),,,,,,,2018-09,,,,0740-7459,1937-4194,,https://ieeexplore.ieee.org/Xplorehelp/downloads/license-information/IEEE.html,University of Hawai‚Äôi; SoftServe; Jheronimus Academy of Data Science and Technical University of Eindhoven,,
Methodological guidelines for measuring energy consumption of software applications,10.1155/2019/5284645,"Energy consumption information for devices, as available in the literature, is typically obtained with ad hoc approaches, thus making replication and consumption data comparison difficult. We propose a process for measuring the energy consumption of a software application. The process contains four phases, each providing a structured deliverable that reports the information required to replicate the measurement. The process also guides the researcher on a threat to validity analysis to be included in each deliverable. This analysis ensures better reliability, trust, and confidence to reuse the collected consumption data. Such a process produces a structured consumption data for any kind of electronic device (IoT devices, mobile phones, personal computers, servers, etc.), which can be published and shared with other researchers fostering comparison or further investigations. A real case example demonstrates how to apply the process and how to create the required deliverables.",http://dx.doi.org/10.1155/2019/5284645,"Ardito L,Coppola R,Morisio M,Torchiano M",Journal Article,Sci. Program.,Scientific Programming,2019,2019,,16-Jan,Hindawi Limited,,,,,,,11/23/19,,,,1058-9244,1875-919X,,,"Politecnico di Torino Department of Control and Computer Engineering, Turin, Italy",en,
Model-based energy efficiency analysis of software architectures,10.1007/978-3-319-23727-5_18,"Design-time quality analysis of software architectures evaluates the impact of design decisions in quality dimensions such as performance. Architectural design decisions decisively impact the energy efficiency (EE) of software systems. Low EE not only results in higher operational cost due to power consumption. It indirectly necessitates additional capacity in the power distribution infrastructure of the target deployment environment. Methodologies that analyze EE of software systems are yet to reach an abstraction suited for architecture-level reasoning. This paper outlines a model-based approach for evaluating the EE of software architectures. First, we present a model that describes the central power consumption characteristics of a software system. We couple the model with an existing model-based performance prediction approach to evaluate the consumption characteristics of a software architecture in varying usage contexts. Several experiments show the accuracy of our architecture-level consumption predictions. Energy consumption predictions reach an error of less than 5.5% for stable and 3.7% for varying workloads. Finally, we present a round-trip design scenario that illustrates how the explicit consideration of EE supports software architects in making informed trade-off decisions between performance and EE.",http://dx.doi.org/10.1007/978-3-319-23727-5_18,"Stier C,Koziolek A,Groenda H,Reussner R",Book Chapter,,,2015,,,221-238,Springer International Publishing,Cham,Software Architecture,,,,,2015,,9.78332E+12,9.78332E+12,0302-9743,1611-3349,,,,,Lecture Notes in Computer Science
On Haskell and energy efficiency,10.1016/j.jss.2018.12.014,"Background: Recent work has studied diverse affecting factors on software energy efficiency. Objective: This paper attempts to shed light on the energy behavior of programs written in a lazy, purely functional programming language, Haskell. Methodology: We conducted two in-depth and complementary studies to analyze the energy efficiency of programs from two different perspectives: strictness and concurrency. Results: We found that small changes can make a big difference. In one benchmark, under a specific configuration, choosing the MVar data sharing primitive over TMVar can yield 60% energy savings. In another benchmark, TMVar can yield up to 30% savings over MVar. Thus, tools that support developers in refactoring a program to switch between primitives can be very useful. In addition, the relationship between energy consumption and performance is not always clear. In sequential benchmarks, high performance is an accurate proxy for low energy consumption. However, for one of our concurrent benchmarks, the variants with the best performance also exhibited the worst energy consumption. We report on deviating cases. Conclusions: To support developers, we have extended existing performance analysis tools to also gather and present data about energy consumption. Furthermore, we provide a set of guidelines to help Haskell developers save energy.",http://dx.doi.org/10.1016/j.jss.2018.12.014,"Lima LG,Soares-Neto F,Lieuthier P,Castor F,Melfe G,Fernandes JP",Journal Article,J. Syst. Softw.,The Journal of Systems and Software,2019,149,,554-580,Elsevier BV,,,,,,,2019-03,,,,0164-1212,1873-1228,,,,en,
On revisiting energy and performance in microservices applications: A cloud elasticity-driven approach,10.1016/j.parco.2021.102858,,http://dx.doi.org/10.1016/j.parco.2021.102858,"Fontana de Nardin I,da Rosa Righi R,Lima Lopes TR,Andre da Costa C,Yeom HY,Köstler H",Journal Article,Parallel Comput.,Parallel Computing,2021,108,102858,102858,Elsevier BV,,,,,,,2021-12,,,,0167-8191,1872-7336,,,,en,
On the energy consumption of design patterns,10.1007/s40568-013-0020-6,"In this paper, we pre-
sented a case study that examined the impact of design
pattern application onto a systems energy consumption.
Two groups of apps, either using or not using a pattern,
were developed and measured. The results for a distinct
subset of the Gamma patterns showed, that especially
the decorator pattern has a negative impact on the en-
ergy needs of an app. Due to the low temporal resolution
of the software measurement method, evaluations with
a short runtime are error-prone and the used systems
mightnotberepresentable. However, theinterpretation
of the evaluation results supports our hypothesis and
justifies further research. Using patterns is not always
a good idea. Their selection should not solely be based
onto function and structure but also according other
properties. Although the results of our study are not
generalizable, the results indicate, that further research
is warranted that examines the impact of patterns re-
garding different platforms and applications. Results
can then be used for meta-analysis.
During our study, we were able to support our hy-
potheses but, in turn, also identified issues that warrant
further research. First, the robustness of our approach
regarding the hardware platform has to be evaluated.
Furthermore, it is interesting to take a deeper look into
the characteristics of the energy requirements of other
patterns or idioms. Results might then be used to define
anti-patterns regarding software energy consumption",http://dx.doi.org/10.1007/s40568-013-0020-6,"Bunse C,Stiemer S",Journal Article,Softwaretechnik-Trends,Softwaretechnik-Trends,2013,33,2,5-Apr,Springer Science and Business Media LLC,,,,,,,2013-05,,,,0720-8928,,,,,en,
On the energy footprint of mobile testing frameworks,10.1109/tse.2019.2946163,"High energy consumption is a challenging issue that an ever increasing number of mobile applications face today. However, energy consumption is being tested in an ad hoc way, despite being an important non-functional requirement of an application. Such limitation becomes particularly disconcerting during software testing: on the one hand, developers do not really know how to measure energy; on the other hand, there is no knowledge as to what is the energy overhead imposed by the testing framework. In this paper, as we evaluate eight popular mobile UI automation frameworks, we have discovered that there are automation frameworks that increase energy consumption up to roughly 2200 percent. While limited in the interactions one can do, Espresso is the most energy efficient framework. However, depending on the needs of the tester, Appium, Monkeyrunner, or UIAutomator are good alternatives. In practice, results show that deciding which is the most suitable framework is vital. We provide a decision tree to help developers make an educated decision on which framework suits best their testing needs.",http://dx.doi.org/10.1109/tse.2019.2946163,"Cruz L,Abreu R",Journal Article,IEEE Trans. Softw. Eng.,IEEE Transactions on Software Engineering,2021,47,10,2260-2271,Institute of Electrical and Electronics Engineers (IEEE),,,,,,,10/1/21,,,,0098-5589,1939-3520,,https://ieeexplore.ieee.org/Xplorehelp/downloads/license-information/IEEE.html,"Delft University of Technology, Delft, CD, Netherlands; University of Lisbon, Lisboa, Portugal",,
Optimizing energy in fog computing architecture based on offloading mechanism for IoT devices,10.1109/eee-am58328.2023.10395179,"The emergence of the Internet of Things has led to exponential growth in the number of connected devices. These devices generate a vast amount of data that needs to be processed and analyzed, which can be computationally expensive and energy-intensive. To address this issue, fog computing has been introduced as a paradigm that offloads computation from IoT devices to nearby fog and cloud servers, thereby reducing the energy consumption of these devices. Fog computing is a decentralized architecture that brings computation and data storage closer to the edge of the network, enabling faster and more efficient data processing in IoT devices. Offloading, in the context of fog computing architecture, refers to the process of transferring computationally intensive tasks from IoT devices to fog or cloud servers. Offloading computational tasks from IoT devices to fog servers can significantly reduce the energy consumption of these devices. By offloading tasks to more powerful servers at the edge of the network, IoT devices can conserve energy and prolong battery life. This paper explores the concept of offloading in fog computing architecture as a means to achieve energy savings in IoT devices.",http://dx.doi.org/10.1109/eee-am58328.2023.10395179,Le H,Conference Paper,,,2023,,,,IEEE,,,2023 Asia Meeting on Environment and Electrical Engineering (EEE-AM),2023 Asia Meeting on Environment and Electrical Engineering (EEE-AM),"Hanoi, Vietnam",2023/11/13-2023/11/15,11/13/23,,,,,,,,"Electric Power University,Faculty of Information Technology,Hanoi,Vietnam",,
Predicting data structures for energy efficient computing,10.1109/igcc.2015.7393698,"Dynamic data structures in software applications have been shown to have a large impact on system performance. In this paper, we explore energy saving opportunities of interface-based dynamic data structures. Our results suggest that opportunities do exist in the C5 Collection, at least 16.95% and up to 97.50%. We propose an architecture for building adaptive green data structures by applying machine learning tools to build a model for predicting energy efficient data structures. Our neural network model can classify energy efficient data structures based on features such as the number of elements, frequency of operations, interface and set/bag semantics. The 10-fold cross validation results show 96.01% accuracy on the training data and 95.80% on the training validation data. Our n-gram model can accurately predict the most energy efficient data structure sequence in 19 simulated and real-world programs-on average, with more than 50% accuracy and up to 98% using a bigram predictor.",http://dx.doi.org/10.1109/igcc.2015.7393698,"Michanan J,Dewri R,Rutherford MJ",Conference Paper,,,2015,,,,IEEE,,,2015 Sixth International Green and Sustainable Computing Conference (IGSC),2015 Sixth International Green and Sustainable Computing Conference (IGSC),"Las Vegas, NV, USA",2015/12/14-2015/12/16,2015-12,,9.78151E+12,,,,,,,,
"Program energy efficiency: The impact of language, compiler and implementation choices",10.1109/igcc.2014.7039169,"Today reducing the energy usage of computing systems becomes a paramount task, no matter they are lightweight mobile devices, complex cloud computing platforms or large-scale supercomputers. Many existing studies in green computing focus on making the hardware more energy efficient. This is understandable because software running on low-power hardware will automatically consume less energy. Little work has been done to explore how software developers can play a more proactive role in saving energy by writing greener code. In fact, very few programmers consider energy-efficiency when writing code and even fewer know how to evaluate and improve the energy-efficiency of their code. In this paper, we quantitatively study the impact of languages (C/C++/Java/Python), compiler optimization (GNU C/C++ compiler with O1, O2, and O3 flags) and implementation choices (e.g. using malloc instead of new to create dynamic arrays and using vector vs. array for Quicksort) on the energy-efficiency of three well-known programs: Fast Fourier Transform, Linked List Insertion/Deletion and Quicksort. Our experiments show that by carefully selecting an appropriate language, optimization flag and data structure, significant energy can be conserved for solving the same problem with identical input size.",http://dx.doi.org/10.1109/igcc.2014.7039169,"Abdulsalam S,Lakomski D,Gu Q,Jin T,Zong Z",Conference Paper,,,2014,,,,IEEE,,,International Green Computing Conference,2014 International Green Computing Conference (IGCC),"DALLAS, TX, USA",2014/11/3-2014/11/5,2014-11,,9.78148E+12,,,,,,,,
PWA vs the others: A comparative study on the UI energy-efficiency of progressive web apps,10.1007/978-3-030-74296-6_35,,http://dx.doi.org/10.1007/978-3-030-74296-6_35,"Huber S,Demetz L,Felderer M",Book Chapter,,,2021,,,464-479,Springer International Publishing,Cham,Lecture Notes in Computer Science,,,,,2021,,9.78303E+12,9.78303E+12,0302-9743,1611-3349,,,,,Lecture Notes in Computer Science
Quality-aware refactoring for early detection and resolution of energy deficiencies,10.1109/ucc.2013.70,"Software development processes usually target requirements regarding particular qualities in late iteration phases. The developed system is optimised in terms of quality issues, such as, e.g., energy efficiency, without altering the software's behaviour. Bad structures in terms of specific qualities can be considered as bad smells and refactorings can be used to resolve them to preserve its semantics. The problem is that no explicit relationship between smells, qualities and refactorings exists. Without such a relation it is not possible to give evidence about which quality requirements are not satisfied by detected smells. It cannot be specified which smells are resolved by particular refactorings. Thus, developers are not supported in focusing specific qualities and cannot detect and resolve badly structured code in combination. In this paper we present an approach for correlating smells, qualities and refactorings explicitly which supports to focus on specific qualities in early development phases already. We introduce the new term quality smell and come up with a metamodel and architecture enabling developers to establish such relations. A small evaluation regarding energy efficiency in Java code and discussion completes this paper.",http://dx.doi.org/10.1109/ucc.2013.70,"Reimann J,Assmann U",Conference Paper,,,2013,,,,IEEE,,,2013 IEEE/ACM 6th International Conference on Utility and Cloud Computing,2013 IEEE/ACM 6th International Conference on Utility and Cloud Computing (UCC),"Dresden, Germany",2013/12/9-2013/12/12,2013-12,,9.78077E+12,,,,,,,,
Ranking programming languages by energy efficiency,10.1016/j.scico.2021.102609,"This paper compares a large set of programming languages regarding their efficiency, including from an energetic point-of-view. Indeed, we seek to establish and analyze different rankings for programming languages based on their energy efficiency. The goal of being able to rank programming languages based on their energy efficiency is both recent, and certainly deserves further studies.
We have taken rigorous and strict solutions to 10 well defined programming problems, expressed in (up to) 27 programming languages, from the well known Computer Language Benchmark Game repository. This repository aims to compare programming languages based on a strict set of implementation rules and configurations for each benchmarking problem. We have also built a framework to automatically, and systematically, run, measure and compare the energy, time, and memory efficiency of such solutions. Ultimately, it is based on such comparisons that we propose a series of efficiency rankings, based on single and multiple criteria.
Our results show interesting findings, such as how slower/faster languages can consume less/more energy, and how memory usage influences energy consumption. We also present a simple way to use our results to provide software engineers and practitioners support in deciding which language to use when energy efficiency is a concern.
In addition, we further validate our results and rankings against implementations from a chrestomathy program repository, Rosetta Code., by reproducing our methodology and benchmarking system. This allows us to understand how the results and conclusions from our rigorously and well defined benchmarked programs compare to those based on more representative and real-world implementations. Indeed our results show that the rankings do not change apart from one programming language.",http://dx.doi.org/10.1016/j.scico.2021.102609,"Pereira R,Couto M,Ribeiro F,Rua R,Cunha J,Fernandes JP,Saraiva J",Journal Article,Sci. Comput. Program.,Science of Computer Programming,2021,205,102609,102609,Elsevier BV,,,,,,,2021-05,,,,0167-6423,1872-7964,,http://www.elsevier.com/open-access/userlicense/1.0/,,en,
Refactorings for Energy-Efficiency,10.1007/978-3-319-23455-7_5,"Energy-efficiency is an important topic in information and communication technology and has to be considered for mobile devices, in particular. On the one hand, the environment should be protected by consuming less energy. On the other hand, users are also interested in more functionality of their mobile devices on hardware and software side, and at the same time, longer battery durations are expected. Hence, the energy consumption for mobile devices should be more efficient. This paper shows an approach to save energy on application level on mobile devices. This approach includes the definition, detection, and restructuring of energy-inefficient code parts within apps. Energy savings are validated by different software-based energy measurement techniques.",http://dx.doi.org/10.1007/978-3-319-23455-7_5,"Gottschalk M,Jelschen J,Winter A",Book Chapter,,,2016,,,77-96,Springer International Publishing,Cham,Progress in IS,,,,,2016,,9.78332E+12,9.78332E+12,2196-8705,2196-8713,,https://www.springernature.com/gp/researchers/text-and-data-mining,,,
Runtime monitoring of software energy hotspots,10.1145/2351676.2351699,"GreenIT has emerged as a discipline concerned with the optimization of software solutions with regards to their energy consumption. In this domain, most of the state-of-the-art solutions concentrate on coarse-grained approaches to monitor the energy consumption of a device or a process. However, none of the existing solutions addresses in-process energy monitoring to provide in-depth analysis of a process energy consumption. In this paper, we therefore report on a fine-grained runtime energy monitoring framework we developed to help developers to diagnose energy hotspots with a better accuracy than the state-of-the-art. Concretely, our approach adopts a 2-layer architecture including OS-level and process-level energy monitoring. OS-level energy monitoring estimates the energy consumption of processes according to different hardware devices (CPU, network card). Process-level energy monitoring focuses on Java-based applications and builds on OS-level energy monitoring to provide an estimation of energy consumption at the granularity of classes and methods. We argue that this per-method analysis of energy consumption provides better insights to the application in order to identify potential energy hotspots. In particular, our preliminary validation demonstrates that we can monitor energy hotspots of Jetty web servers and monitor their variations under stress scenarios.",http://dx.doi.org/10.1145/2351676.2351699,"Noureddine A,Bourdon A,Rouvoy R,Seinturier L",Conference Paper,,,2012,,,,ACM,"New York, NY, USA",,Proceedings of the 27th IEEE/ACM International Conference on Automated Software Engineering,ASE'12: IEEE/ACM International Conference on Automated Software Engineering,Essen Germany,2012/9/3-2012/9/7,9/3/12,,9.78145E+12,,,,,,"INRIA, France / University of Lille, France; INRIA, France / University of Lille, France / Institut Universitaire de France, France",,
Saving energy on mobile devices by refactoring,,"Energy-efficiency is an import topic in information and communication technology and has to be considered for mobile devices, in particular. On the one hand, the environment should be protected by consuming less energy. On the other hand, users are also interested in more functionality of their mobile devices on hardware and software side, and at the same time, longer battery durations are expected. This paper shows an approach to save energy on the application level on mobile devices. This approach includes the definition, detection, and restructuring of energy-inefficient code parts. Energy savings are validated by different energy measurement techniques.",https://se.uni-oldenburg.de/documents/gottschalk+2014.pdf,"Gottschalk M, Jelschen J, Winter A",Website,"SEKE(Knowledge Systems Institute, 2014)",,,,,,,,,,,,,,3/23/26,,,,,,,,,
Scheduling garbage collection for energy efficiency on asymmetric multicore processors,10.22152/programming-journal.org/2024/8/10,"The growing concern for energy efficiency in the Information and Communication Technology (ICT) sector has prompted the exploration of resource management techniques. While hardware architectures, such as single-ISA asymmetric multicore processors (AMP), offer potential energy savings, there is still untapped potential for software optimizations. This paper aims to bridge this gap by investigating the scheduling of garbage collection (GC) activities on a heterogeneous architecture with both performance cores (“p-cores”) and energy cores (“e-cores”) to achieve energy savings.

Our study focuses on the concurrent ZGC collector in the context of Java Virtual Machines (JVM), as the energy aspect is not well studied in the context of latency-sensitive Java workloads. By comparing the energy efficiency, performance, latency, and memory utilization of executing GC on p-cores versus e-cores, we present compelling findings.

We demonstrate that scheduling GC work on e-cores overall leads to approximately 3% energy savings without performance and mean latency degradation while requiring no additional effort from developers. Overall energy reduction can increase to 5.3±0.0225% by tuning the number of e-cores (still not changing the program!).

Our findings highlight the practicality and benefits of scheduling GC on e-cores, showcasing the potential for energy savings in heterogeneous architectures running Java workloads while meeting critical latency requirements. Our research contributes to the ongoing efforts toward achieving a more sustainable and efficient ICT sector.",http://dx.doi.org/10.22152/programming-journal.org/2024/8/10,"Shimchenko M,Österlund E,Wrigstad T",Journal Article,Art Sci. Eng. Program.,The Art Science and Engineering of Programming,2024,8,3,,Aspect-Oriented Software Association (AOSA),,,,,,,2/15/24,,,,2473-7321,,,,"Uppsala University, Sweden; Oracle, Sweden",en,
SEEDS: a software engineer's energy-optimization decision support framework,10.1145/2568225.2568297,"Reducing the energy usage of software is becoming more important in many environments, in particular, battery-powered mobile devices, embedded systems and data centers. Recent empirical studies indicate that software engineers can support the goal of reducing energy usage by making design and implementation decisions in ways that take into consideration how such decisions impact the energy usage of an application. However, the large number of possible choices and the lack of feedback and information available to software engineers necessitates some form of automated decision-making support. This paper describes the first known automated support for systematically optimizing the energy usage of applications by making code-level changes. It is effective at reducing energy usage while freeing developers from needing to deal with the low-level, tedious tasks of applying changes and monitoring the resulting impacts to the energy usage of their application. We present a general framework, SEEDS, as well as an instantiation of the framework that automatically optimizes Java applications by selecting the most energy-efficient library implementations for Java's Collections API. Our empirical evaluation of the framework and instantiation show that it is possible to improve the energy usage of an application in a fully automated manner for a reasonable cost.",http://dx.doi.org/10.1145/2568225.2568297,"Manotas I,Pollock L,Clause J",Conference Paper,,,2014,,,,ACM,"New York, NY, USA",,Proceedings of the 36th International Conference on Software Engineering,ICSE '14: 36th International Conference on Software Engineering,Hyderabad India,2014/5/31-2014/6/7,5/31/14,,9.78145E+12,,,,,,"University of Delaware, USA",,
Software bloat and wasted joules: Is modularity a hurdle to green software?,10.1109/mc.2011.293,,http://dx.doi.org/10.1109/mc.2011.293,"Bhattacharya S,Gopinath K,Rajamani K,Gupta M",Journal Article,Computer (Long Beach Calif.),Computer,2011,44,9,97-101,Institute of Electrical and Electronics Engineers (IEEE),,,,,,,2011-09,,,,0018-9162,1558-0814,,,,,
Software energy measurement at different levels of granularity,10.1109/iccisci.2019.8716456,"Power usage is mainly attributed to hardware. However, hardware resources are controlled by software instructions, which determine how it should behave. This paper presents an overview of the different methods for measuring the power and energy consumption of software programs. We propose a taxonomy in which we classify software measurement methods into different categories from different perspectives. We take into consideration software granularity levels as well as hardware facets. Software granularity concerns the structural facets of software. Hardware granularity concerns the levels of hardware resources. Energy measurements of lower software/hardware levels can be more challenging. We study and evaluate software energy measurement methods for battery-powered devices (e.g., laptops, smartphones, and embedded systems). Our results suggest that some software measurement tools can be capable of generating power readings of lower levels of hardware while some other tools can support estimating power for lower levels of software.",http://dx.doi.org/10.1109/iccisci.2019.8716456,Ghaleb TA,Conference Paper,,,2019,,,,IEEE,,,2019 International Conference on Computer and Information Sciences (ICCIS),2019 International Conference on Computer and Information Sciences (ICCIS),"Sakaka, Saudi Arabia",2019/4/3-2019/4/4,2019-04,,9.78154E+12,,,,,https://ieeexplore.ieee.org/Xplorehelp/downloads/license-information/IEEE.html,,,
Software sustainability: Research and practice from a software architecture viewpoint,10.1016/j.jss.2017.12.026,"Modern societies are highly dependent on complex, large-scale, software-intensive systems that increasingly operate within an environment of continuous availability, which is challenging to maintain and evolve in response to the inevitable changes in stakeholder goals and requirements of the system. Software architectures are the foundation of any software system and provide a mechanism for reasoning about core software quality requirements. Their sustainability ‚Äì the capacity to endure in changing environments ‚Äì is a critical concern for software architecture research and practice.Accidental software complexity accrues both naturally and gradually over time as part of the overall software design and development process. From a software architecture perspective, this allows several issues to overlap including, but not limited to: the accumulation of technical debt design decisions of individual components and systems leading to coupling and cohesion issues; the application of tacit architectural knowledge resulting in unsystematic and undocumented design decisions; architectural knowledge vaporisation of design choices and the continued ability of the organization to understand the architecture of its systems; sustainability debt and the broader cumulative effects of flawed architectural design choices over time resulting in code smells, architectural brittleness, erosion, and drift, which ultimately lead to decay and software death. Sustainable software architectures are required to evolve over the entire lifecycle of the system from initial design inception to end-of-life to achieve efficient and effective maintenance and evolutionary change.This article outlines general principles and perspectives on sustainability with regards to software systems to provide a context and terminology for framing the discourse on software architectures and sustainability. Focusing on the capacity of software architectures and architectural design choices to endure over time, it highlights some of the recent research trends and approaches with regards to explicitly addressing sustainability in the context of software architectures.The principal aim of this article is to provide a foundation and roadmap of emerging research themes in the area of sustainable software architectures highlighting recent trends, and open issues and research challenges.",http://dx.doi.org/10.1016/j.jss.2017.12.026,"Venters CC,Capilla R,Betz S,Penzenstadler B,Crick T,Crouch S,Nakagawa EY,Becker C,Carrillo C",Journal Article,J. Syst. Softw.,The Journal of Systems and Software,2018,138,,174-188,Elsevier BV,,,,,,,2018-04,,,,0164-1212,1873-1228,,,,en,
SPELLing out energy leaks: Aiding developers locate energy inefficient code,10.1016/j.jss.2019.110463,,http://dx.doi.org/10.1016/j.jss.2019.110463,"Pereira R,Carcao T,Couto M,Cunha J,Fernandes JP,Saraiva J",Journal Article,J. Syst. Softw.,The Journal of Systems and Software,2020,161,110463,110463,Elsevier BV,,,,,,,2020-03,,,,0164-1212,1873-1228,,,,en,
Tales from the code #1: The effective impact of code refactorings on software energy consumption,10.5220/0010517900002992,,http://dx.doi.org/10.5220/0010517900002992,"Ournani Z,Rouvoy R,Rust P,Penhoat J",Conference Paper,,,2021,,,,SCITEPRESS - Science and Technology Publications,,,Proceedings of the 16th International Conference on Software Technologies,16th International Conference on Software Technologies,"Online Streaming, --- Select a Country ---",2021/7/6-2021/7/8,2021,,,,,,,,"Orange Labs, Rennes, France, --- Select a Country ---; INRIA Lille Nord-Europe, Lille, France, --- Select a Country ---; University of Lille, Lille, France, --- Select a Country ---; INRIA Lille Nord-Europe, Lille, France, --- Select a Country ---; University of Lille, Lille, France, --- Select a Country ---; Orange Labs, Rennes, France, --- Select a Country ---",,
The GREENSOFT Model: A reference model for green and sustainable software and its engineering,10.1016/j.suscom.2011.06.004,"The resource and power consumption of ICT is still increasing, but also the benefits of ICT, e.g. in finding more efficient solutions for environmental problems. To date, it is not clear, whether the resource and energy savings through ICT overbalance the resource and energy consumption by ICT, or not. Up to now, manifold efforts of Green IT address the environmental aspects of sustainability considering computer hardware. However, there is still a lack of models, descriptions or realizations in the area of computer software and software process models. In our contribution, we first propose definitions of the terms ‚ÄúGreen and Sustainable Software‚Äù and ‚ÄúGreen and Sustainable Software Engineering‚Äù, then we outline a conceptual reference model, the GREENSOFT Model. This model includes a cradle-to-grave product life cycle model for software products, sustainability metrics and criteria for software, software engineering extensions for sustainably sound software design and development, as well as appropriate guidance.",http://dx.doi.org/10.1016/j.suscom.2011.06.004,"Naumann S,Dick M,Kern E,Johann T",Journal Article,Sustain. Comput. Inform. Syst.,Sustainable Computing Informatics and Systems,2011,1,4,294-304,Elsevier BV,,,,,,,2011-12,,,,2210-5379,2210-5387,,,,en,
The influence of the Java collection framework on overall energy consumption,10.1145/2896967.2896968,"This paper presents a detailed study of the energy consumption of the different Java Collection Framework (JFC) implementations. For each method of an implementation in this framework, we present its energy consumption when handling different amounts of data. Knowing the greenest methods for each implementation, we present an energy optimization approach for Java programs: based on calls to JFC methods in the source code of a program, we select the greenest implementation. Finally, we present preliminary results of optimizing a set of Java programs where we obtained 6.2% energy savings.",http://dx.doi.org/10.1145/2896967.2896968,"Pereira R,Couto M,Saraiva J,Cunha J,Fernandes JP",Conference Paper,,,2016,,,,ACM,"New York, NY, USA",,Proceedings of the 5th International Workshop on Green and Sustainable Software,ICSE '16: 38th International Conference on Software Engineering,Austin Texas,2016/5/14-2016/5/22,5/14/16,,9.78145E+12,,,,,http://www.acm.org/publications/policies/copyright_policy#Background,"HASLab/INESC TEC & Minho University, Portugal; Universidade NOVA de Lisboa, Portugal; Universidade da Beira Interior, Portugal",,
Tools supporting green computing in Erlang,10.1145/3331542.3342570,"Energy efficiency is one of the key aspects of modern software. Therefore, we present a tool for measuring the energy consumption of Erlang programs. Using this tool, we measured the energy consumption of different basic language elements, such as data structures, higher-order functions and parallel language constructs. Based on the results of our measurements, we present refactorings that may help to decrease the energy consumption of Erlang software. The refactorings are part of the well-known RefactorErl static analyser and transformer framework for Erlang.",http://dx.doi.org/10.1145/3331542.3342570,"Nagy G, Mészáros A, Bozó I, and Tóth M",Conference Paper,,,2019,,,,ACM,"New York, NY, USA",,Proceedings of the 18th ACM SIGPLAN International Workshop on Erlang,ICFP '19: ACM SIGPLAN International Conference on Functional Programming,Berlin Germany,2019/8/18-2019/8/18,8/18/19,,9.78145E+12,,,,,http://www.acm.org/publications/policies/copyright_policy#Background,"E√∂tv√∂s Lor√°nd University, Hungary",,
Towards energy auto tuning,,"Energy efficiency is gaining more and more importance, since well-known ecological reasons lead to rising energy costs. In consequence, energy consumption is now also an important economical criterion. Energy consumption of single hardware resources has been thoroughly optimized for years. Now software becomes the major target of energy optimization. In this paper we introduce an approach called energy auto tuning(EAT), which optimizes energy efficiency of software systems running on multiple resources. The optimization of more than one resource leads to higher energy savings, because communication costs can be taken into account. E.g., if two components run on the same resource, the communication costs are likely to be less, compared to be running on different resources. The best results can be achieved in heterogeneous environments as different resource characteristics enlarge the synergy effects gainable by our optimization technique. EAT software systems derive all possible distributions of themselves on a given set of hardware resources and reconfigure themselves to achieve the lowest energy consumption possible at any time. In this paper we describe our software architecture to implement EAT.",https://tud.qucosa.de/en/landing-page/https://tud.qucosa.de/api/qucosa%3A26982/mets/,"Götz S, Wilke C, Schmidt M, Cech S and Aßmann U",Website,,,,,,,,,,,,,,,3/23/26,,,,,,,,,
Towards power reduction through improved software design,10.1109/energytech.2012.6304705,,http://dx.doi.org/10.1109/energytech.2012.6304705,"Sahin C,Cayci F,Clause J,Kiamilev F,Pollock L,Winbladh K",Conference Paper,,,2012,,,,IEEE,,,2012 IEEE Energytech,2012 IEEE Energytech,"Cleveland, OH, USA",2012/5/29-2012/5/31,2012-05,,9.78147E+12,9.78147E+12,,,,,,,
Transforming set data types to power optimal data structures,10.1109/43.503932,"In this paper, we present a novel approach to model the search space for the custom implementation of set data types, a data type that is commonly found in important application domains such as network component realizations and database applications. The main objective is to arrive at power efficient realizations of these data types in custom data structures, but the model can also be used with nonpower cost functions. Based on the model, we propose an efficient optimization method for finding the implementation with minimum power consumption without performing an exhaustive scan of the search space. The range of power costs for different solutions can easily span four orders of magnitude, so a near optimal solution is crucial. This paper also strongly contributes to our overall goal of a higher level of specification and shorter design cycles for table-based memory organizations for applications where these data types are frequently used. The proposed model and methodology are suited for both hardware and software realizations.",http://dx.doi.org/10.1109/43.503932,"Wuytack S,Catthoor FV,De Man HJ",Journal Article,IEEE Trans. Comput.-aided Des. Integr. Circuits Syst.,IEEE Transactions on Computer-Aided Design of Integrated Circuits and Systems,1996,15,6,619-629,Institute of Electrical and Electronics Engineers (IEEE),,,,,,,1996-06,,,,0278-0070,1937-4151,,https://ieeexplore.ieee.org/Xplorehelp/downloads/license-information/IEEE.html,,,
Understanding the performance-energy tradeoffs of object-relational mapping frameworks,10.1109/saner60148.2024.00069,"Object-Relational Mapping (ORM) frameworks are the cornerstone of online services. To reply to incoming requests, these services often rely on these frameworks as a convenient data access layer. However, such frameworks might also be the source of performance inefficiency when configured and used inappropriately. This paper, therefore, compares different configurations of state-of-the-art Java-based ORM frameworks to unveil their performance efficiency, traditionally evaluated through metrics such as execution time and memory usage. However, rising environmental concerns have brought energy consumption to the forefront of the conversation. Beyond performance-centric measurements, we shed light on the energy consumption of these building blocks and explore the trade-offs that conceal the expected quality of service and environmental concerns. Our empirical results, obtained with an ORM-based version of the reference Transaction Processing Performance Council benchmark C (TPC-C) benchmark, highlight that the adoption of an ORM should be carefully configured by developers to leverage the resources offered by underlying databases.",http://dx.doi.org/10.1109/saner60148.2024.00069,"Bonvoisin A,Quinton C,Rouvoy R",Conference Paper,,,2024,,,,IEEE,,,"2024 IEEE International Conference on Software Analysis, Evolution and Reengineering (SANER)","2024 IEEE International Conference on Software Analysis, Evolution and Reengineering (SANER)","Rovaniemi, Finland",2024/3/12-2024/3/15,3/12/24,,,,,,,,"Univ. Lille, CNRS, Inria, UMR 9189 CRIStAL,Lille,France,F-59000",,
Unit testing of energy consumption of software libraries,10.1145/2554850.2554932,"The development of energy-efficient software has become a key requirement for a large number of devices, from smartphones to data centers. However, measuring accurately this consumption is a major challenge that state-of-the-art approaches have tried to tackle with a limited success. While monitoring applications' consumption offers a clear insight on where the energy is being spent, it does not help in understanding how the energy is consumed. In this paper, we therefore introduce JalenUnit, a software framework that infers the energy consumption model of software libraries from execution traces. This model can then be used to diagnose application code for detecting energy bugs, understanding energy distribution, establishing energy profiles and classifications, and comparing software libraries against their energy consumption.",http://dx.doi.org/10.1145/2554850.2554932,"Noureddine A,Rouvoy R,Seinturier L",Conference Paper,,,2014,,,,ACM,"New York, NY, USA",,Proceedings of the 29th Annual ACM Symposium on Applied Computing,SAC 2014: Symposium on Applied Computing,Gyeongju Republic of Korea,2014/3/24-2014/3/28,3/24/14,,9.78145E+12,,,,,,"Inria Lille -- Nord Europe and University Lille - LIFL CNRS UMR, France; Inria Lille -- Nord Europe and University Lille - LIFL CNRS UMR, France and Institut Universitaire de France",,
Using bad smell-driven code refactorings in mobile applications to reduce battery usage,,"Mobile devices are the most popular kind of computational device in the world. These devices have more limited resources than personal computers, and more importantly, battery consumption is always an issue since mobile devices rely on their battery as energy supply. On the other hand, to date, many applications are developed using the object-oriented (OO) paradigm, which has some inherent features, such as object creation, that inherently consume energy in the context of mobile development. These features at the same time enable for maintainability, flexibility, among other software quality-related advantages. Moreover, known code refactorings driven by bad smells can be applied to mobile applications to produce good OO designs, at the expense of potentially consuming more energy. Then, this paper presents an analysis to evaluate the preliminary trade-off between OO design purity and battery consumption.",https://sedici.unlp.edu.ar/handle/10915/52204;http://sedici.unlp.edu.ar/handle/10915/52204;http://44jaiio.sadio.org.ar/sites/default/files/asse56-68.pdf;http://sedici.unlp.edu.ar/bitstream/handle/10915/52204/Documento_completo.pdf?sequence=1,"Rodriguez A, Longo M and Zunino A",Conference Paper,,,2015,,,,,,,"Simposio Argentino de Ingenier√≠a de Software (ASSE 2015) - JAIIO 44 (Rosario, 2015)",,,,2015,3/23/26,,,2451-7593,,"Bater√≠as; Cellular architecture (e.g., mobile); Android; Ciencias Inform√°ticas",,,en,